-- Roam 전체 데이터 reset + 재시드 (스키마 유지, 데이터만 교체).
-- 생성: gen-seed.mjs 결과(seed.sql) + truncate 프리앰블.
-- 적용: Supabase SQL Editor에 붙여넣고 실행.
begin;
truncate table
  community_post, visitor_session, review, welcome_kit, waiting,
  event, booth, category, hall, exhibition, organizer
restart identity cascade;

-- Generated by scripts/gen-seed.mjs — do not edit by hand.
-- 2026 Seoul International Book Fair seed (parity with mock).

insert into organizer (id, email, name) values
  ('org_sibf', 'sibf@sibf.kr', '서울국제도서전 사무국')
on conflict (id) do nothing;

insert into exhibition (id, slug, name, venue, description, start_date, end_date, cover_image_url, map_image_url, map_width, map_height, tips, organizer_id, created_at) values
  ('exh_sibf_2026', 'sibf-2026', '2026 서울국제도서전', '코엑스 A·B1홀, 서울 (COEX Hall A & B1)', '‘한 걸음(One Small Step)’을 주제로 열리는 국내 최대 규모의 책 축제. A홀·B1홀에 국내외 출판사 부스가 들어섭니다. 공식 부스배치도를 그대로 옮겨 실제 위치·크기로 길을 안내해요.', '2026-06-24', '2026-06-28', null, null, 3230, 3650, '{"transportation":"지하철 2호선 삼성역 5·6번 출구 또는 9호선 봉은사역에서 코엑스로 연결. A·B1홀은 코엑스 1층입니다.","parking":"코엑스 지하주차장 이용. 도서전 기간 혼잡하니 대중교통을 권장합니다.","ticket":"온라인 예매 및 현장 구매. 단체 티켓 신청 마감 6/8. 문의 sibf@sibf.kr / 02-702-0670(내선 4254).","guide":"운영시간 11:00–20:00. 주제 강연, 기획 전시, 작가 사인회·낭독회, 해외관을 즐겨보세요."}'::jsonb, 'org_sibf', '2026-01-02T00:00:00.000Z')
on conflict (id) do nothing;

insert into hall (id, exhibition_id, name, floor, sort) values
  ('hall_a', 'exh_sibf_2026', 'Hall A', 1, 0),
  ('hall_b', 'exh_sibf_2026', 'Hall B1', 1, 1)
on conflict (id) do nothing;

insert into category (id, slug, name, color, icon) values
  ('cat_lit', 'lit', '문학', '#f04452', 'BookOpen'),
  ('cat_children', 'children', '아동·그림책', '#ff8a3d', 'Blocks'),
  ('cat_humanities', 'humanities', '인문·사회', '#3182f6', 'Landmark'),
  ('cat_art', 'art', '예술·디자인', '#8b5cf6', 'Palette'),
  ('cat_science', 'science', '과학·기술', '#15c47e', 'FlaskConical'),
  ('cat_general', 'general', '종합', '#6b7684', 'Library')
on conflict (id) do nothing;

insert into booth (id, exhibition_id, hall_id, category_id, code, kind, name, company, aliases, description, long_description, images, logo_url, instagram_url, website_url, tags, x, y, popularity, created_at) values
  ('b_a101', 'exh_sibf_2026', 'hall_a', 'cat_art', 'A101', 'exhibitor', '고스트북스', '예술 외 1', '[]'::jsonb, '고스트북스 · 부스 A101', '고스트북스의 부스입니다. 부스 번호 A101. 분야: 예술, 문학. 현장에서 신간 전시와 굿즈, 사인회를 만나볼 수 있어요. 2026 서울국제도서전 참가사입니다.', '[]'::jsonb, null, null, 'https://www.ghostbooks.kr/', '["art"]'::jsonb, 220, 3108, 50, '2026-01-05T00:00:00.000Z'),
  ('b_a102', 'exh_sibf_2026', 'hall_a', 'cat_lit', 'A102', 'exhibitor', '별빛들', '문학', '[]'::jsonb, '별빛들 · 부스 A102', '별빛들의 부스입니다. 부스 번호 A102. 분야: 문학. 현장에서 신간 전시와 굿즈, 사인회를 만나볼 수 있어요. 2026 서울국제도서전 참가사입니다.', '[]'::jsonb, null, null, 'https://byeolbitdeul.com', '["lit"]'::jsonb, 220, 3050, 50, '2026-01-05T00:00:00.000Z'),
  ('b_a103', 'exh_sibf_2026', 'hall_a', 'cat_humanities', 'A103', 'exhibitor', '도서출판부카', '총류 외 14', '[]'::jsonb, '도서출판부카 · 부스 A103', '도서출판부카의 부스입니다. 부스 번호 A103. 분야: 총류, 철학, 종교, 사회과학, 순수과학, 기술과학, 공공기관, 예술, 언어, 문학, 역사, 아동, 학습참고서, 전자출판, 기타. 현장에서 신간 전시와 굿즈, 사인회를 만나볼 수 있어요. 2026 서울국제도서전 참가사입니다.', '[]'::jsonb, null, null, 'http://bookaa-n.com', '["humanities"]'::jsonb, 220, 2994, 50, '2026-01-05T00:00:00.000Z'),
  ('b_a104', 'exh_sibf_2026', 'hall_a', 'cat_children', 'A104', 'exhibitor', '봄봄출판사', '아동', '[]'::jsonb, '봄봄출판사 · 부스 A104', '봄봄출판사의 부스입니다. 부스 번호 A104. 분야: 아동. 현장에서 신간 전시와 굿즈, 사인회를 만나볼 수 있어요. 2026 서울국제도서전 참가사입니다.', '[]'::jsonb, null, null, 'http://blog.naver.com/bbpub', '["children"]'::jsonb, 220, 2936, 50, '2026-01-05T00:00:00.000Z'),
  ('b_a105', 'exh_sibf_2026', 'hall_a', 'cat_science', 'A105', 'exhibitor', '단추 출판사', '사회과학 외 2', '[]'::jsonb, '단추 출판사 · 부스 A105', '단추 출판사의 부스입니다. 부스 번호 A105. 분야: 사회과학, 예술, 아동. 현장에서 신간 전시와 굿즈, 사인회를 만나볼 수 있어요. 2026 서울국제도서전 참가사입니다.', '[]'::jsonb, null, null, 'http://www.instagram.com/danchu_press', '["science"]'::jsonb, 346, 3108, 50, '2026-01-05T00:00:00.000Z'),
  ('b_a106', 'exh_sibf_2026', 'hall_a', 'cat_lit', 'A106', 'exhibitor', '밝은세상', '문학 외 1', '[]'::jsonb, '밝은세상 · 부스 A106', '밝은세상의 부스입니다. 부스 번호 A106. 분야: 문학, 전자출판. 현장에서 신간 전시와 굿즈, 사인회를 만나볼 수 있어요. 2026 서울국제도서전 참가사입니다.', '[]'::jsonb, null, null, null, '["lit"]'::jsonb, 346, 3050, 50, '2026-01-05T00:00:00.000Z'),
  ('b_a107', 'exh_sibf_2026', 'hall_a', 'cat_art', 'A107', 'exhibitor', '애플트리테일즈', '예술 외 1', '["애플트리태일즈"]'::jsonb, '애플트리테일즈 · 부스 A107', '애플트리테일즈의 부스입니다. 부스 번호 A107. 분야: 예술, 아동. 현장에서 신간 전시와 굿즈, 사인회를 만나볼 수 있어요. 2026 서울국제도서전 참가사입니다.', '[]'::jsonb, null, null, 'https://www.appletreetales.com/', '["art"]'::jsonb, 346, 2994, 50, '2026-01-05T00:00:00.000Z'),
  ('b_a108', 'exh_sibf_2026', 'hall_a', 'cat_children', 'A108', 'exhibitor', '도서출판 달리 외 1', '아동 외 2', '["곰세마리"]'::jsonb, '도서출판 달리 외 1 · 부스 A108', '도서출판 달리 외 1의 부스입니다. 부스 번호 A108. 분야: 아동, 기타(유아, 그림책). 현장에서 신간 전시와 굿즈, 사인회를 만나볼 수 있어요. 2026 서울국제도서전 참가사입니다.', '[]'::jsonb, null, null, 'http://www.instagram.com/dahli_books', '["children"]'::jsonb, 346, 2936, 50, '2026-01-05T00:00:00.000Z'),
  ('b_a109', 'exh_sibf_2026', 'hall_a', 'cat_art', 'A109', 'exhibitor', '핀드', '예술 외 2', '[]'::jsonb, '핀드 · 부스 A109', '핀드의 부스입니다. 부스 번호 A109. 분야: 예술, 문학, 전자출판. 현장에서 신간 전시와 굿즈, 사인회를 만나볼 수 있어요. 2026 서울국제도서전 참가사입니다.', '[]'::jsonb, null, null, 'http://www.pinned.co.kr', '["art"]'::jsonb, 402, 3108, 50, '2026-01-05T00:00:00.000Z'),
  ('b_a110', 'exh_sibf_2026', 'hall_a', 'cat_humanities', 'A110', 'exhibitor', '소동출판사', '총류 외 2', '[]'::jsonb, '소동출판사 · 부스 A110', '소동출판사의 부스입니다. 부스 번호 A110. 분야: 총류, 예술, 아동. 현장에서 신간 전시와 굿즈, 사인회를 만나볼 수 있어요. 2026 서울국제도서전 참가사입니다.', '[]'::jsonb, null, null, 'http://www.facebook.com/sodongbook', '["humanities"]'::jsonb, 402, 3050, 50, '2026-01-05T00:00:00.000Z'),
  ('b_a111', 'exh_sibf_2026', 'hall_a', 'cat_lit', 'A111', 'exhibitor', '시사북스(빈페이지)', '문학 외 2', '[]'::jsonb, '시사북스(빈페이지) · 부스 A111', '시사북스(빈페이지)의 부스입니다. 부스 번호 A111. 분야: 문학, 기타(자기계발, 청소년). 현장에서 신간 전시와 굿즈, 사인회를 만나볼 수 있어요. 2026 서울국제도서전 참가사입니다.', '[]'::jsonb, null, null, 'https://www.sisabooks.com', '["lit"]'::jsonb, 402, 2994, 50, '2026-01-05T00:00:00.000Z'),
  ('b_a112', 'exh_sibf_2026', 'hall_a', 'cat_humanities', 'A112', 'exhibitor', '한국출판마케팅연구소', '총류 외 14', '[]'::jsonb, '한국출판마케팅연구소 · 부스 A112', '한국출판마케팅연구소의 부스입니다. 부스 번호 A112. 분야: 총류, 철학, 종교, 사회과학, 순수과학, 기술과학, 공공기관, 예술, 언어, 문학, 역사, 아동, 학습참고서, 전자출판, 기타. 현장에서 신간 전시와 굿즈, 사인회를 만나볼 수 있어요. 2026 서울국제도서전 참가사입니다.', '[]'::jsonb, null, null, 'https://www.kpm21.co.kr/', '["humanities"]'::jsonb, 402, 2936, 50, '2026-01-05T00:00:00.000Z'),
  ('b_a113', 'exh_sibf_2026', 'hall_a', 'cat_general', 'A113', 'facility', '일러스트레이트 월', '부대 공간', '[]'::jsonb, '일러스트레이트 월 · 부스 A113', '일러스트레이트 월 · A113. 참가사 부스가 아닌 행사장 부대 공간이에요.', '[]'::jsonb, null, null, null, '["general"]'::jsonb, 311, 3190, 50, '2026-01-05T00:00:00.000Z'),
  ('b_a201', 'exh_sibf_2026', 'hall_a', 'cat_humanities', 'A201', 'exhibitor', '안그라픽스', '총류 외 2', '[]'::jsonb, '안그라픽스 · 부스 A201', '안그라픽스의 부스입니다. 부스 번호 A201. 분야: 총류, 예술, 학습참고서. 현장에서 신간 전시와 굿즈, 사인회를 만나볼 수 있어요. 2026 서울국제도서전 참가사입니다.', '[]'::jsonb, null, null, 'http://www.agbook.co.kr', '["humanities"]'::jsonb, 536, 3108, 50, '2026-01-05T00:00:00.000Z'),
  ('b_a202', 'exh_sibf_2026', 'hall_a', 'cat_art', 'A202', 'exhibitor', '프로파간다 외 2', '예술', '["사월의눈","미디어버스"]'::jsonb, '프로파간다 외 2 · 부스 A202', '프로파간다 외 2의 부스입니다. 부스 번호 A202. 분야: 예술. 현장에서 신간 전시와 굿즈, 사인회를 만나볼 수 있어요. 2026 서울국제도서전 참가사입니다.', '[]'::jsonb, null, null, 'http://www.graphicmag.co.kr', '["art"]'::jsonb, 536, 3050, 50, '2026-01-05T00:00:00.000Z'),
  ('b_a203', 'exh_sibf_2026', 'hall_a', 'cat_art', 'A203', 'exhibitor', '인북', '예술 외 2', '[]'::jsonb, '인북 · 부스 A203', '인북의 부스입니다. 부스 번호 A203. 분야: 예술, 문학, 아동. 현장에서 신간 전시와 굿즈, 사인회를 만나볼 수 있어요. 2026 서울국제도서전 참가사입니다.', '[]'::jsonb, null, null, 'http://blog.naver.com/inbook_py', '["art"]'::jsonb, 536, 2994, 50, '2026-01-05T00:00:00.000Z'),
  ('b_a204', 'exh_sibf_2026', 'hall_a', 'cat_lit', 'A204', 'exhibitor', '안녕로빈', '문학 외 1', '[]'::jsonb, '안녕로빈 · 부스 A204', '안녕로빈의 부스입니다. 부스 번호 A204. 분야: 문학, 아동. 현장에서 신간 전시와 굿즈, 사인회를 만나볼 수 있어요. 2026 서울국제도서전 참가사입니다.', '[]'::jsonb, null, null, 'https://www.instagram.com/hellorobin_books/', '["lit"]'::jsonb, 536, 2936, 50, '2026-01-05T00:00:00.000Z'),
  ('b_a205', 'exh_sibf_2026', 'hall_a', 'cat_lit', 'A205', 'exhibitor', '킨더랜드', '문학 외 1', '[]'::jsonb, '킨더랜드 · 부스 A205', '킨더랜드의 부스입니다. 부스 번호 A205. 분야: 문학, 아동. 현장에서 신간 전시와 굿즈, 사인회를 만나볼 수 있어요. 2026 서울국제도서전 참가사입니다.', '[]'::jsonb, null, null, 'https://www.kinderland.co.kr/', '["lit"]'::jsonb, 594, 3079, 50, '2026-01-05T00:00:00.000Z'),
  ('b_a206', 'exh_sibf_2026', 'hall_a', 'cat_science', 'A206', 'exhibitor', '(주)학토재', '사회과학 외 2', '[]'::jsonb, '(주)학토재 · 부스 A206', '(주)학토재의 부스입니다. 부스 번호 A206. 분야: 사회과학, 언어, 학습참고서. 현장에서 신간 전시와 굿즈, 사인회를 만나볼 수 있어요. 2026 서울국제도서전 참가사입니다.', '[]'::jsonb, null, null, 'https://happyedumall.com', '["science"]'::jsonb, 594, 2965, 50, '2026-01-05T00:00:00.000Z'),
  ('b_a207', 'exh_sibf_2026', 'hall_a', 'cat_children', 'A207', 'exhibitor', '노란상상', '아동', '[]'::jsonb, '노란상상 · 부스 A207', '노란상상의 부스입니다. 부스 번호 A207. 분야: 아동. 현장에서 신간 전시와 굿즈, 사인회를 만나볼 수 있어요. 2026 서울국제도서전 참가사입니다.', '[]'::jsonb, null, null, 'https://blog.naver.com/yyjune3', '["children"]'::jsonb, 720, 3079, 50, '2026-01-05T00:00:00.000Z'),
  ('b_a208', 'exh_sibf_2026', 'hall_a', 'cat_science', 'A208', 'exhibitor', '(주)도서출판보리', '순수과학 외 2', '[]'::jsonb, '(주)도서출판보리 · 부스 A208', '(주)도서출판보리의 부스입니다. 부스 번호 A208. 분야: 순수과학, 아동, 학습참고서. 현장에서 신간 전시와 굿즈, 사인회를 만나볼 수 있어요. 2026 서울국제도서전 참가사입니다.', '[]'::jsonb, null, null, 'https://www.boribook.com/', '["science"]'::jsonb, 720, 2965, 50, '2026-01-05T00:00:00.000Z'),
  ('b_a209', 'exh_sibf_2026', 'hall_a', 'cat_art', 'A209', 'exhibitor', '페이퍼스토리 외 2', '예술 외 2', '["목요일출판사","니케북스"]'::jsonb, '페이퍼스토리 외 2 · 부스 A209', '페이퍼스토리 외 2의 부스입니다. 부스 번호 A209. 분야: 예술, 문학, 아동. 현장에서 신간 전시와 굿즈, 사인회를 만나볼 수 있어요. 2026 서울국제도서전 참가사입니다.', '[]'::jsonb, null, null, 'https://www.instagram.com/paperstory_book/', '["art"]'::jsonb, 776, 3079, 50, '2026-01-05T00:00:00.000Z'),
  ('b_a210', 'exh_sibf_2026', 'hall_a', 'cat_lit', 'A210', 'exhibitor', '거북이북스', '문학 외 1', '[]'::jsonb, '거북이북스 · 부스 A210', '거북이북스의 부스입니다. 부스 번호 A210. 분야: 문학, 아동. 현장에서 신간 전시와 굿즈, 사인회를 만나볼 수 있어요. 2026 서울국제도서전 참가사입니다.', '[]'::jsonb, null, null, 'http://www.gobook2.com/', '["lit"]'::jsonb, 776, 2965, 50, '2026-01-05T00:00:00.000Z'),
  ('b_a301', 'exh_sibf_2026', 'hall_a', 'cat_art', 'A301', 'exhibitor', '워크룸 프레스', '예술 외 2', '[]'::jsonb, '워크룸 프레스 · 부스 A301', '워크룸 프레스의 부스입니다. 부스 번호 A301. 분야: 예술, 문학, 기타(디자인). 현장에서 신간 전시와 굿즈, 사인회를 만나볼 수 있어요. 2026 서울국제도서전 참가사입니다.', '[]'::jsonb, null, null, 'https://workroompress.kr/', '["art"]'::jsonb, 910, 3079, 50, '2026-01-05T00:00:00.000Z'),
  ('b_a302', 'exh_sibf_2026', 'hall_a', 'cat_science', 'A302', 'exhibitor', '산지니', '사회과학 외 2', '[]'::jsonb, '산지니 · 부스 A302', '산지니의 부스입니다. 부스 번호 A302. 분야: 사회과학, 문학, 아동. 현장에서 신간 전시와 굿즈, 사인회를 만나볼 수 있어요. 2026 서울국제도서전 참가사입니다.', '[]'::jsonb, null, null, 'http://www.sanzinibook.com/', '["science"]'::jsonb, 910, 2965, 50, '2026-01-05T00:00:00.000Z'),
  ('b_a303', 'exh_sibf_2026', 'hall_a', 'cat_humanities', 'A303', 'exhibitor', '까치글방', '총류 외 14', '[]'::jsonb, '까치글방 · 부스 A303', '까치글방의 부스입니다. 부스 번호 A303. 분야: 총류, 철학, 종교, 사회과학, 순수과학, 기술과학, 공공기관, 예술, 언어, 문학, 역사, 아동, 학습참고서, 전자출판, 기타. 현장에서 신간 전시와 굿즈, 사인회를 만나볼 수 있어요. 2026 서울국제도서전 참가사입니다.', '[]'::jsonb, null, null, 'https://www.kachibooks.co.kr/', '["humanities"]'::jsonb, 968, 3079, 50, '2026-01-05T00:00:00.000Z'),
  ('b_a304', 'exh_sibf_2026', 'hall_a', 'cat_humanities', 'A304', 'exhibitor', '글항아리', '철학 외 2', '[]'::jsonb, '글항아리 · 부스 A304', '글항아리의 부스입니다. 부스 번호 A304. 분야: 철학, 사회과학, 역사. 현장에서 신간 전시와 굿즈, 사인회를 만나볼 수 있어요. 2026 서울국제도서전 참가사입니다.', '[]'::jsonb, null, null, 'http://geulhangari.com', '["humanities"]'::jsonb, 968, 2965, 50, '2026-01-05T00:00:00.000Z'),
  ('b_a305', 'exh_sibf_2026', 'hall_a', 'cat_humanities', 'A305', 'exhibitor', '청아출판사 / 봄마중', '총류 외 14', '[]'::jsonb, '청아출판사 / 봄마중 · 부스 A305', '청아출판사 / 봄마중의 부스입니다. 부스 번호 A305. 분야: 총류, 철학, 종교, 사회과학, 순수과학, 기술과학, 공공기관, 예술, 언어, 문학, 역사, 아동, 학습참고서, 전자출판, 기타. 현장에서 신간 전시와 굿즈, 사인회를 만나볼 수 있어요. 2026 서울국제도서전 참가사입니다.', '[]'::jsonb, null, null, 'https://www.instagram.com/chunga_book', '["humanities"]'::jsonb, 1094, 3079, 50, '2026-01-05T00:00:00.000Z'),
  ('b_a306', 'exh_sibf_2026', 'hall_a', 'cat_humanities', 'A306', 'exhibitor', '도서출판 풀빛', '총류 외 2', '[]'::jsonb, '도서출판 풀빛 · 부스 A306', '도서출판 풀빛의 부스입니다. 부스 번호 A306. 분야: 총류, 사회과학, 아동. 현장에서 신간 전시와 굿즈, 사인회를 만나볼 수 있어요. 2026 서울국제도서전 참가사입니다.', '[]'::jsonb, null, null, 'https://www.pulbit.co.kr/', '["humanities"]'::jsonb, 1094, 2965, 50, '2026-01-05T00:00:00.000Z'),
  ('b_a307', 'exh_sibf_2026', 'hall_a', 'cat_science', 'A307', 'exhibitor', '도서출판 푸른숲', '사회과학 외 2', '[]'::jsonb, '도서출판 푸른숲 · 부스 A307', '도서출판 푸른숲의 부스입니다. 부스 번호 A307. 분야: 사회과학, 문학, 아동. 현장에서 신간 전시와 굿즈, 사인회를 만나볼 수 있어요. 2026 서울국제도서전 참가사입니다.', '[]'::jsonb, null, null, 'http://www.prunsoop.co.kr', '["science"]'::jsonb, 1152, 3079, 50, '2026-01-05T00:00:00.000Z'),
  ('b_a308', 'exh_sibf_2026', 'hall_a', 'cat_science', 'A308', 'exhibitor', '군자출판사 외 1', '기술과학 외 2', '["한국과학기술출판협회"]'::jsonb, '군자출판사 외 1 · 부스 A308', '군자출판사 외 1의 부스입니다. 부스 번호 A308. 분야: 기술과학, 문학, 아동. 현장에서 신간 전시와 굿즈, 사인회를 만나볼 수 있어요. 2026 서울국제도서전 참가사입니다.', '[]'::jsonb, null, null, 'http://www.koonja.co.kr', '["science"]'::jsonb, 1152, 2965, 50, '2026-01-05T00:00:00.000Z'),
  ('b_a401', 'exh_sibf_2026', 'hall_a', 'cat_children', 'A401', 'exhibitor', '보림출판사', '아동', '[]'::jsonb, '보림출판사 · 부스 A401', '보림출판사의 부스입니다. 부스 번호 A401. 분야: 아동. 현장에서 신간 전시와 굿즈, 사인회를 만나볼 수 있어요. 2026 서울국제도서전 참가사입니다.', '[]'::jsonb, null, null, 'http://www.borimpress.com', '["children"]'::jsonb, 1318, 3079, 50, '2026-01-05T00:00:00.000Z'),
  ('b_a402', 'exh_sibf_2026', 'hall_a', 'cat_lit', 'A402', 'exhibitor', '네이버웹툰', '문학 외 1', '[]'::jsonb, '네이버웹툰 · 부스 A402', '네이버웹툰의 부스입니다. 부스 번호 A402. 분야: 문학, 전자출판. 현장에서 신간 전시와 굿즈, 사인회를 만나볼 수 있어요. 2026 서울국제도서전 참가사입니다.', '[]'::jsonb, null, null, 'https://comic.naver.com/index', '["lit"]'::jsonb, 1318, 2965, 50, '2026-01-05T00:00:00.000Z'),
  ('b_a403', 'exh_sibf_2026', 'hall_a', 'cat_humanities', 'A403', 'exhibitor', '(주)위즈덤하우스', '총류 외 14', '[]'::jsonb, '(주)위즈덤하우스 · 부스 A403', '(주)위즈덤하우스의 부스입니다. 부스 번호 A403. 분야: 총류, 철학, 종교, 사회과학, 순수과학, 기술과학, 공공기관, 예술, 언어, 문학, 역사, 아동, 학습참고서, 전자출판, 기타. 현장에서 신간 전시와 굿즈, 사인회를 만나볼 수 있어요. 2026 서울국제도서전 참가사입니다.', '[]'::jsonb, null, null, 'https://www.wisdomhouse.co.kr/', '["humanities"]'::jsonb, 1501, 3022, 50, '2026-01-05T00:00:00.000Z'),
  ('b_a501', 'exh_sibf_2026', 'hall_a', 'cat_lit', 'A501', 'exhibitor', '솔테라이브러리 외 1', '문학', '["이야기장수"]'::jsonb, '솔테라이브러리 외 1 · 부스 A501', '솔테라이브러리 외 1의 부스입니다. 부스 번호 A501. 분야: 문학. 현장에서 신간 전시와 굿즈, 사인회를 만나볼 수 있어요. 2026 서울국제도서전 참가사입니다.', '[]'::jsonb, null, null, 'https://www.saltelibrary.com/', '["lit"]'::jsonb, 1722, 3022, 50, '2026-01-05T00:00:00.000Z'),
  ('b_a502', 'exh_sibf_2026', 'hall_a', 'cat_humanities', 'A502', 'exhibitor', '(주)김영사', '총류 외 14', '[]'::jsonb, '(주)김영사 · 부스 A502', '(주)김영사의 부스입니다. 부스 번호 A502. 분야: 총류, 철학, 종교, 사회과학, 순수과학, 기술과학, 공공기관, 예술, 언어, 문학, 역사, 아동, 학습참고서, 전자출판, 기타. 현장에서 신간 전시와 굿즈, 사인회를 만나볼 수 있어요. 2026 서울국제도서전 참가사입니다.', '[]'::jsonb, null, null, 'http://gimmyoung.com', '["humanities"]'::jsonb, 1956, 3022, 50, '2026-01-05T00:00:00.000Z'),
  ('b_a503', 'exh_sibf_2026', 'hall_a', 'cat_science', 'A503', 'exhibitor', '(주)문학수첩', '순수과학 외 2', '[]'::jsonb, '(주)문학수첩 · 부스 A503', '(주)문학수첩의 부스입니다. 부스 번호 A503. 분야: 순수과학, 예술, 문학. 현장에서 신간 전시와 굿즈, 사인회를 만나볼 수 있어요. 2026 서울국제도서전 참가사입니다.', '[]'::jsonb, null, null, 'http://moonhak.co.kr/', '["science"]'::jsonb, 2190, 3022, 50, '2026-01-05T00:00:00.000Z'),
  ('b_a601', 'exh_sibf_2026', 'hall_a', 'cat_humanities', 'A601', 'exhibitor', '프랑스 출판네트워크 (구 : 프랑스국제출판사무국) 외 1', '총류 외 14', '["주한프랑스대사관 문화과"]'::jsonb, '프랑스 출판네트워크 (구 : 프랑스국제출판사무국) 외 1 · 부스 A601', '프랑스 출판네트워크 (구 : 프랑스국제출판사무국) 외 1의 부스입니다. 부스 번호 A601. 분야: 총류, 철학, 종교, 사회과학, 순수과학, 기술과학, 공공기관, 예술, 언어, 문학, 역사, 아동, 학습참고서, 전자출판, 기타. 현장에서 신간 전시와 굿즈, 사인회를 만나볼 수 있어요. 2026 서울국제도서전 참가사입니다.', '[]'::jsonb, null, null, 'http://www.booksfromfrance.fr', '["humanities"]'::jsonb, 2496, 3022, 50, '2026-01-05T00:00:00.000Z'),
  ('b_a602', 'exh_sibf_2026', 'hall_a', 'cat_lit', 'A602', 'exhibitor', '(주)쌤앤파커스', '문학 외 3', '[]'::jsonb, '(주)쌤앤파커스 · 부스 A602', '(주)쌤앤파커스의 부스입니다. 부스 번호 A602. 분야: 문학, 아동, 기타(자기계발, 경제경영). 현장에서 신간 전시와 굿즈, 사인회를 만나볼 수 있어요. 2026 서울국제도서전 참가사입니다.', '[]'::jsonb, null, null, 'http://www.samnparkers.com', '["lit"]'::jsonb, 2767, 3022, 50, '2026-01-05T00:00:00.000Z'),
  ('b_a701', 'exh_sibf_2026', 'hall_a', 'cat_humanities', 'A701', 'exhibitor', '봄알람', '철학 외 2', '[]'::jsonb, '봄알람 · 부스 A701', '봄알람의 부스입니다. 부스 번호 A701. 분야: 철학, 사회과학, 문학. 현장에서 신간 전시와 굿즈, 사인회를 만나볼 수 있어요. 2026 서울국제도서전 참가사입니다.', '[]'::jsonb, null, null, 'http://baumealame.com', '["humanities"]'::jsonb, 220, 2792, 50, '2026-01-05T00:00:00.000Z'),
  ('b_a702', 'exh_sibf_2026', 'hall_a', 'cat_art', 'A702', 'exhibitor', '타이피스트', '예술 외 1', '[]'::jsonb, '타이피스트 · 부스 A702', '타이피스트의 부스입니다. 부스 번호 A702. 분야: 예술, 문학. 현장에서 신간 전시와 굿즈, 사인회를 만나볼 수 있어요. 2026 서울국제도서전 참가사입니다.', '[]'::jsonb, null, null, 'http://www.instagram.com/typistpress', '["art"]'::jsonb, 220, 2736, 50, '2026-01-05T00:00:00.000Z'),
  ('b_a703', 'exh_sibf_2026', 'hall_a', 'cat_humanities', 'A703', 'exhibitor', '사단법인 한국대학출판협회', '총류 외 2', '[]'::jsonb, '사단법인 한국대학출판협회 · 부스 A703', '사단법인 한국대학출판협회의 부스입니다. 부스 번호 A703. 분야: 총류, 사회과학, 언어. 현장에서 신간 전시와 굿즈, 사인회를 만나볼 수 있어요. 2026 서울국제도서전 참가사입니다.', '[]'::jsonb, null, null, 'http://akup.co.kr', '["humanities"]'::jsonb, 220, 2678, 50, '2026-01-05T00:00:00.000Z'),
  ('b_a704', 'exh_sibf_2026', 'hall_a', 'cat_humanities', 'A704', 'exhibitor', '도서출판 북극곰', '총류 외 2', '[]'::jsonb, '도서출판 북극곰 · 부스 A704', '도서출판 북극곰의 부스입니다. 부스 번호 A704. 분야: 총류, 문학, 아동. 현장에서 신간 전시와 굿즈, 사인회를 만나볼 수 있어요. 2026 서울국제도서전 참가사입니다.', '[]'::jsonb, null, null, 'http://www.bookgoodcome.com', '["humanities"]'::jsonb, 220, 2622, 50, '2026-01-05T00:00:00.000Z'),
  ('b_a705', 'exh_sibf_2026', 'hall_a', 'cat_children', 'A705', 'exhibitor', '국민서관', '아동', '[]'::jsonb, '국민서관 · 부스 A705', '국민서관의 부스입니다. 부스 번호 A705. 분야: 아동. 현장에서 신간 전시와 굿즈, 사인회를 만나볼 수 있어요. 2026 서울국제도서전 참가사입니다.', '[]'::jsonb, null, null, 'https://www.instagram.com/kookminbooks/', '["children"]'::jsonb, 346, 2792, 50, '2026-01-05T00:00:00.000Z'),
  ('b_a706', 'exh_sibf_2026', 'hall_a', 'cat_humanities', 'A706', 'exhibitor', '주식회사 성안당', '총류 외 14', '[]'::jsonb, '주식회사 성안당 · 부스 A706', '주식회사 성안당의 부스입니다. 부스 번호 A706. 분야: 총류, 철학, 종교, 사회과학, 순수과학, 기술과학, 공공기관, 예술, 언어, 문학, 역사, 아동, 학습참고서, 전자출판, 기타. 현장에서 신간 전시와 굿즈, 사인회를 만나볼 수 있어요. 2026 서울국제도서전 참가사입니다.', '[]'::jsonb, null, null, 'https://www.cyber.co.kr/book/', '["humanities"]'::jsonb, 346, 2707, 50, '2026-01-05T00:00:00.000Z'),
  ('b_a707', 'exh_sibf_2026', 'hall_a', 'cat_lit', 'A707', 'exhibitor', '책읽는고양이', '문학 외 2', '[]'::jsonb, '책읽는고양이 · 부스 A707', '책읽는고양이의 부스입니다. 부스 번호 A707. 분야: 문학, 역사, 기타(인문). 현장에서 신간 전시와 굿즈, 사인회를 만나볼 수 있어요. 2026 서울국제도서전 참가사입니다.', '[]'::jsonb, null, null, 'http://risu.co.kr', '["lit"]'::jsonb, 346, 2622, 50, '2026-01-05T00:00:00.000Z'),
  ('b_a708', 'exh_sibf_2026', 'hall_a', 'cat_lit', 'A708', 'exhibitor', '소미미디어', '문학 외 3', '[]'::jsonb, '소미미디어 · 부스 A708', '소미미디어의 부스입니다. 부스 번호 A708. 분야: 문학, 전자출판, 기타(웹툰, 만화). 현장에서 신간 전시와 굿즈, 사인회를 만나볼 수 있어요. 2026 서울국제도서전 참가사입니다.', '[]'::jsonb, null, null, 'https://blog.naver.com/somybooks', '["lit"]'::jsonb, 402, 2764, 50, '2026-01-05T00:00:00.000Z'),
  ('b_a709', 'exh_sibf_2026', 'hall_a', 'cat_children', 'A709', 'exhibitor', '키큰도토리 외 1', '아동', '["고래인"]'::jsonb, '키큰도토리 외 1 · 부스 A709', '키큰도토리 외 1의 부스입니다. 부스 번호 A709. 분야: 아동. 현장에서 신간 전시와 굿즈, 사인회를 만나볼 수 있어요. 2026 서울국제도서전 참가사입니다.', '[]'::jsonb, null, null, 'http://kkdotori.com/', '["children"]'::jsonb, 402, 2650, 50, '2026-01-05T00:00:00.000Z'),
  ('b_a801', 'exh_sibf_2026', 'hall_a', 'cat_humanities', 'A801', 'exhibitor', '해피북미디어 외 6', '총류 외 2', '["씨엘미디어","뮤트스튜디오","냥이의야옹","공공북스","고양이함수","부산출판문화산업협회"]'::jsonb, '해피북미디어 외 6 · 부스 A801', '해피북미디어 외 6의 부스입니다. 부스 번호 A801. 분야: 총류, 예술, 문학. 현장에서 신간 전시와 굿즈, 사인회를 만나볼 수 있어요. 2026 서울국제도서전 참가사입니다.', '[]'::jsonb, null, null, 'https://www.instagram.com/happybook_media/', '["humanities"]'::jsonb, 536, 2764, 50, '2026-01-05T00:00:00.000Z'),
  ('b_a802', 'exh_sibf_2026', 'hall_a', 'cat_art', 'A802', 'exhibitor', '주식회사 소원나무', '예술 외 2', '[]'::jsonb, '주식회사 소원나무 · 부스 A802', '주식회사 소원나무의 부스입니다. 부스 번호 A802. 분야: 예술, 문학, 아동. 현장에서 신간 전시와 굿즈, 사인회를 만나볼 수 있어요. 2026 서울국제도서전 참가사입니다.', '[]'::jsonb, null, null, 'https://www.sowonnamu.co.kr', '["art"]'::jsonb, 536, 2650, 50, '2026-01-05T00:00:00.000Z'),
  ('b_a803', 'exh_sibf_2026', 'hall_a', 'cat_humanities', 'A803', 'exhibitor', '뜨인돌출판', '총류 외 14', '[]'::jsonb, '뜨인돌출판 · 부스 A803', '뜨인돌출판의 부스입니다. 부스 번호 A803. 분야: 총류, 철학, 종교, 사회과학, 순수과학, 기술과학, 공공기관, 예술, 언어, 문학, 역사, 아동, 학습참고서, 전자출판, 기타. 현장에서 신간 전시와 굿즈, 사인회를 만나볼 수 있어요. 2026 서울국제도서전 참가사입니다.', '[]'::jsonb, null, null, 'http://www.ddstone.com', '["humanities"]'::jsonb, 594, 2764, 50, '2026-01-05T00:00:00.000Z'),
  ('b_a804', 'exh_sibf_2026', 'hall_a', 'cat_children', 'A804', 'exhibitor', '밝은미래', '아동', '[]'::jsonb, '밝은미래 · 부스 A804', '밝은미래의 부스입니다. 부스 번호 A804. 분야: 아동. 현장에서 신간 전시와 굿즈, 사인회를 만나볼 수 있어요. 2026 서울국제도서전 참가사입니다.', '[]'::jsonb, null, null, 'http://www.bmirae.com', '["children"]'::jsonb, 594, 2650, 50, '2026-01-05T00:00:00.000Z'),
  ('b_a805', 'exh_sibf_2026', 'hall_a', 'cat_humanities', 'A805', 'exhibitor', '도서출판 동녘', '철학 외 2', '[]'::jsonb, '도서출판 동녘 · 부스 A805', '도서출판 동녘의 부스입니다. 부스 번호 A805. 분야: 철학, 사회과학, 아동. 현장에서 신간 전시와 굿즈, 사인회를 만나볼 수 있어요. 2026 서울국제도서전 참가사입니다.', '[]'::jsonb, null, null, 'https://www.dongnyok.com/', '["humanities"]'::jsonb, 720, 2764, 50, '2026-01-05T00:00:00.000Z'),
  ('b_a806', 'exh_sibf_2026', 'hall_a', 'cat_humanities', 'A806', 'exhibitor', '클레이하우스 주식회사', '총류 외 14', '[]'::jsonb, '클레이하우스 주식회사 · 부스 A806', '클레이하우스 주식회사의 부스입니다. 부스 번호 A806. 분야: 총류, 철학, 종교, 사회과학, 순수과학, 기술과학, 공공기관, 예술, 언어, 문학, 역사, 아동, 학습참고서, 전자출판, 기타. 현장에서 신간 전시와 굿즈, 사인회를 만나볼 수 있어요. 2026 서울국제도서전 참가사입니다.', '[]'::jsonb, null, null, 'https://clayhouse.kr', '["humanities"]'::jsonb, 720, 2650, 50, '2026-01-05T00:00:00.000Z'),
  ('b_a807', 'exh_sibf_2026', 'hall_a', 'cat_science', 'A807', 'exhibitor', '프리즘오브 외 1', '사회과학 외 1', '["보스토크 프레스"]'::jsonb, '프리즘오브 외 1 · 부스 A807', '프리즘오브 외 1의 부스입니다. 부스 번호 A807. 분야: 사회과학, 예술. 현장에서 신간 전시와 굿즈, 사인회를 만나볼 수 있어요. 2026 서울국제도서전 참가사입니다.', '[]'::jsonb, null, null, 'https://www.instagram.com/prismof_magazine', '["science"]'::jsonb, 776, 2764, 50, '2026-01-05T00:00:00.000Z'),
  ('b_a808', 'exh_sibf_2026', 'hall_a', 'cat_humanities', 'A808', 'exhibitor', '진선출판사', '총류 외 14', '[]'::jsonb, '진선출판사 · 부스 A808', '진선출판사의 부스입니다. 부스 번호 A808. 분야: 총류, 철학, 종교, 사회과학, 순수과학, 기술과학, 공공기관, 예술, 언어, 문학, 역사, 아동, 학습참고서, 전자출판, 기타. 현장에서 신간 전시와 굿즈, 사인회를 만나볼 수 있어요. 2026 서울국제도서전 참가사입니다.', '[]'::jsonb, null, null, 'http://www.jinsun.co.kr', '["humanities"]'::jsonb, 776, 2650, 50, '2026-01-05T00:00:00.000Z'),
  ('b_a901', 'exh_sibf_2026', 'hall_a', 'cat_humanities', 'A901', 'exhibitor', '윌북', '총류 외 14', '[]'::jsonb, '윌북 · 부스 A901', '윌북의 부스입니다. 부스 번호 A901. 분야: 총류, 철학, 종교, 사회과학, 순수과학, 기술과학, 공공기관, 예술, 언어, 문학, 역사, 아동, 학습참고서, 전자출판, 기타. 현장에서 신간 전시와 굿즈, 사인회를 만나볼 수 있어요. 2026 서울국제도서전 참가사입니다.', '[]'::jsonb, null, null, 'http://willbookspub.com', '["humanities"]'::jsonb, 939, 2764, 50, '2026-01-05T00:00:00.000Z'),
  ('b_a902', 'exh_sibf_2026', 'hall_a', 'cat_humanities', 'A902', 'exhibitor', '더중앙플러스', '총류 외 14', '[]'::jsonb, '더중앙플러스 · 부스 A902', '더중앙플러스의 부스입니다. 부스 번호 A902. 분야: 총류, 철학, 종교, 사회과학, 순수과학, 기술과학, 공공기관, 예술, 언어, 문학, 역사, 아동, 학습참고서, 전자출판, 기타. 현장에서 신간 전시와 굿즈, 사인회를 만나볼 수 있어요. 2026 서울국제도서전 참가사입니다.', '[]'::jsonb, null, null, 'https://www.joongang.co.kr/', '["humanities"]'::jsonb, 939, 2650, 50, '2026-01-05T00:00:00.000Z'),
  ('b_a903', 'exh_sibf_2026', 'hall_a', 'cat_science', 'A903', 'exhibitor', '동아시아·허블', '사회과학 외 2', '[]'::jsonb, '동아시아·허블 · 부스 A903', '동아시아·허블의 부스입니다. 부스 번호 A903. 분야: 사회과학, 순수과학, 문학. 현장에서 신간 전시와 굿즈, 사인회를 만나볼 수 있어요. 2026 서울국제도서전 참가사입니다.', '[]'::jsonb, null, null, 'https://www.instagram.com/dongasiabook/', '["science"]'::jsonb, 1122, 2707, 50, '2026-01-05T00:00:00.000Z'),
  ('b_a1001', 'exh_sibf_2026', 'hall_a', 'cat_science', 'A1001', 'exhibitor', '평산책방 외 1', '사회과학 외 2', '["돌베개"]'::jsonb, '평산책방 외 1 · 부스 A1001', '평산책방 외 1의 부스입니다. 부스 번호 A1001. 분야: 사회과학, 문학, 아동. 현장에서 신간 전시와 굿즈, 사인회를 만나볼 수 있어요. 2026 서울국제도서전 참가사입니다.', '[]'::jsonb, null, null, 'http://www.psbooks.kr', '["science"]'::jsonb, 1318, 2707, 50, '2026-01-05T00:00:00.000Z'),
  ('b_a1002', 'exh_sibf_2026', 'hall_a', 'cat_humanities', 'A1002', 'exhibitor', '재단법인 아모레퍼시픽재단', '기타(인문 외 3', '[]'::jsonb, '재단법인 아모레퍼시픽재단 · 부스 A1002', '재단법인 아모레퍼시픽재단의 부스입니다. 부스 번호 A1002. 분야: 기타(인문, 자연, 과학, 예술 분야에 대한 출판 지원). 현장에서 신간 전시와 굿즈, 사인회를 만나볼 수 있어요. 2026 서울국제도서전 참가사입니다.', '[]'::jsonb, null, null, 'https://ascf.amorepacific.co.kr/', '["humanities"]'::jsonb, 1501, 2707, 50, '2026-01-05T00:00:00.000Z'),
  ('b_a1101', 'exh_sibf_2026', 'hall_a', 'cat_lit', 'A1101', 'exhibitor', '황금가지 외 1', '문학', '["민음사 출판그룹"]'::jsonb, '황금가지 외 1 · 부스 A1101', '황금가지 외 1의 부스입니다. 부스 번호 A1101. 분야: 문학. 현장에서 신간 전시와 굿즈, 사인회를 만나볼 수 있어요. 2026 서울국제도서전 참가사입니다.', '[]'::jsonb, null, null, 'https://goldenbough.minumsa.com/', '["lit"]'::jsonb, 1722, 2707, 50, '2026-01-05T00:00:00.000Z'),
  ('b_a1102', 'exh_sibf_2026', 'hall_a', 'cat_general', 'A1102', 'exhibitor', '윌라스토리 외 2', '기타(웹소설)', '["인플루엔셜"]'::jsonb, '윌라스토리 외 2 · 부스 A1102', '윌라스토리 외 2의 부스입니다. 부스 번호 A1102. 분야: 기타(웹소설). 현장에서 신간 전시와 굿즈, 사인회를 만나볼 수 있어요. 2026 서울국제도서전 참가사입니다.', '[]'::jsonb, null, null, 'https://story.welaaa.com/', '["general"]'::jsonb, 1956, 2707, 50, '2026-01-05T00:00:00.000Z'),
  ('b_a1103', 'exh_sibf_2026', 'hall_a', 'cat_humanities', 'A1103', 'exhibitor', '신한은행 외 1', '총류', '["서울특별시 서울도서관"]'::jsonb, '신한은행 외 1 · 부스 A1103', '신한은행 외 1의 부스입니다. 부스 번호 A1103. 분야: 총류. 현장에서 신간 전시와 굿즈, 사인회를 만나볼 수 있어요. 2026 서울국제도서전 참가사입니다.', '[]'::jsonb, null, null, 'http://www.shinhanbank.com', '["humanities"]'::jsonb, 2190, 2707, 50, '2026-01-05T00:00:00.000Z'),
  ('b_a1201', 'exh_sibf_2026', 'hall_a', 'cat_humanities', 'A1201', 'exhibitor', 'THE GRAYHAWK AGENCY 외 11', '총류 외 14', '["타코쿠마","SpringHill Publishing","Rye Field Publications, a division of Cite Publishing Ltd.","REVE BOOKS LTD., CO","Kuroro space exploration team / memes creative partnership co., ltd.","KAWAII HYOKA / Caiji Art","JS Agency Co., Ltd.","Hakka Affairs Council","DUMPLING CAT FAMILY","CommonWealth Education Media and Publishing Co., Ltd.","타이완콘텐츠진흥원"]'::jsonb, 'THE GRAYHAWK AGENCY 외 11 · 부스 A1201', 'THE GRAYHAWK AGENCY 외 11의 부스입니다. 부스 번호 A1201. 분야: 총류, 철학, 종교, 사회과학, 순수과학, 기술과학, 공공기관, 예술, 언어, 문학, 역사, 아동, 학습참고서, 전자출판, 기타. 현장에서 신간 전시와 굿즈, 사인회를 만나볼 수 있어요. 2026 서울국제도서전 참가사입니다.', '[]'::jsonb, null, null, 'https://www.publishersmarketplace.com/members/Grayhawk/', '["humanities"]'::jsonb, 2432, 2707, 50, '2026-01-05T00:00:00.000Z'),
  ('b_a1202', 'exh_sibf_2026', 'hall_a', 'cat_humanities', 'A1202', 'exhibitor', '라이터 소울 태국 외 15', '총류 외 14', '["Silkwormbooks","유기적 링크","모카그룹","MITMAKME Group","Liatris publishing","HAPPYME-D CO., LTD.","Golden C Creative contentCo.,Ltd.","Glory Forever Public Company Limited","Avocado Books (Earlgrey co.,ltd)","DEXPRESS COMPANY LIMITED","Combang Publishing House Limited Partnership","Channasoot Publishing","BANLUE PUBLICATIONS COMPANY LIMITED","Amarin Corporations PCL","주한태국대사관 상무공사관실"]'::jsonb, '라이터 소울 태국 외 15 · 부스 A1202', '라이터 소울 태국 외 15의 부스입니다. 부스 번호 A1202. 분야: 총류, 철학, 종교, 사회과학, 순수과학, 기술과학, 공공기관, 예술, 언어, 문학, 역사, 아동, 학습참고서, 전자출판, 기타. 현장에서 신간 전시와 굿즈, 사인회를 만나볼 수 있어요. 2026 서울국제도서전 참가사입니다.', '[]'::jsonb, null, null, 'http://Writersoulthailand.com', '["humanities"]'::jsonb, 2641, 2707, 50, '2026-01-05T00:00:00.000Z'),
  ('b_a1203', 'exh_sibf_2026', 'hall_a', 'cat_humanities', 'A1203', 'exhibitor', 'EC Publishing LLC', '총류 외 4', '[]'::jsonb, 'EC Publishing LLC · 부스 A1203', 'EC Publishing LLC의 부스입니다. 부스 번호 A1203. 분야: 총류, 종교, 문학, 아동, 전자출판. 현장에서 신간 전시와 굿즈, 사인회를 만나볼 수 있어요. 2026 서울국제도서전 참가사입니다.', '[]'::jsonb, null, null, 'http://www.ecpublishingllc.com', '["humanities"]'::jsonb, 2796, 2792, 50, '2026-01-05T00:00:00.000Z'),
  ('b_a1204', 'exh_sibf_2026', 'hall_a', 'cat_humanities', 'A1204', 'exhibitor', 'Studio of Books LLC', '총류 외 6', '[]'::jsonb, 'Studio of Books LLC · 부스 A1204', 'Studio of Books LLC의 부스입니다. 부스 번호 A1204. 분야: 총류, 종교, 순수과학, 문학, 역사, 아동, 기타. 현장에서 신간 전시와 굿즈, 사인회를 만나볼 수 있어요. 2026 서울국제도서전 참가사입니다.', '[]'::jsonb, null, null, 'http://studioofbooks.org', '["humanities"]'::jsonb, 2796, 2736, 50, '2026-01-05T00:00:00.000Z'),
  ('b_a1205', 'exh_sibf_2026', 'hall_a', 'cat_humanities', 'A1205', 'exhibitor', '퀴퍼 프린츠', '총류 외 14', '[]'::jsonb, '퀴퍼 프린츠 · 부스 A1205', '퀴퍼 프린츠의 부스입니다. 부스 번호 A1205. 분야: 총류, 철학, 종교, 사회과학, 순수과학, 기술과학, 공공기관, 예술, 언어, 문학, 역사, 아동, 학습참고서, 전자출판, 기타. 현장에서 신간 전시와 굿즈, 사인회를 만나볼 수 있어요. 2026 서울국제도서전 참가사입니다.', '[]'::jsonb, null, null, 'http://www.quipperprints.com', '["humanities"]'::jsonb, 2796, 2678, 50, '2026-01-05T00:00:00.000Z'),
  ('b_a1206', 'exh_sibf_2026', 'hall_a', 'cat_lit', 'A1206', 'exhibitor', 'Recrea Libros 외 3', '문학 외 1', '["VLP Agency","Calcetines Animados","프로칠레"]'::jsonb, 'Recrea Libros 외 3 · 부스 A1206', 'Recrea Libros 외 3의 부스입니다. 부스 번호 A1206. 분야: 문학, 아동. 현장에서 신간 전시와 굿즈, 사인회를 만나볼 수 있어요. 2026 서울국제도서전 참가사입니다.', '[]'::jsonb, null, null, 'http://www.recrealibros.cl', '["lit"]'::jsonb, 2796, 2622, 50, '2026-01-05T00:00:00.000Z'),
  ('b_a1207', 'exh_sibf_2026', 'hall_a', 'cat_lit', 'A1207', 'exhibitor', '연변대학출판사 외 2', '문학 외 4', '["연변인민출판사","연변교육출판사"]'::jsonb, '연변대학출판사 외 2 · 부스 A1207', '연변대학출판사 외 2의 부스입니다. 부스 번호 A1207. 분야: 문학, 아동, 학습참고서, 전자출판, 기타. 현장에서 신간 전시와 굿즈, 사인회를 만나볼 수 있어요. 2026 서울국제도서전 참가사입니다.', '[]'::jsonb, null, null, 'http://www.ydcbs.com/', '["lit"]'::jsonb, 2796, 2564, 50, '2026-01-05T00:00:00.000Z'),
  ('b_a1301', 'exh_sibf_2026', 'hall_a', 'cat_art', 'A1301', 'exhibitor', '엣눈북스', '예술 외 1', '[]'::jsonb, '엣눈북스 · 부스 A1301', '엣눈북스의 부스입니다. 부스 번호 A1301. 분야: 예술, 문학. 현장에서 신간 전시와 굿즈, 사인회를 만나볼 수 있어요. 2026 서울국제도서전 참가사입니다.', '[]'::jsonb, null, null, 'http://www.atnoonbooks.net', '["art"]'::jsonb, 220, 2478, 50, '2026-01-05T00:00:00.000Z'),
  ('b_a1302', 'exh_sibf_2026', 'hall_a', 'cat_science', 'A1302', 'exhibitor', '서사원 주식회사', '사회과학 외 2', '[]'::jsonb, '서사원 주식회사 · 부스 A1302', '서사원 주식회사의 부스입니다. 부스 번호 A1302. 분야: 사회과학, 기술과학, 문학. 현장에서 신간 전시와 굿즈, 사인회를 만나볼 수 있어요. 2026 서울국제도서전 참가사입니다.', '[]'::jsonb, null, null, 'https://seosawonbooks.com/', '["science"]'::jsonb, 220, 2420, 50, '2026-01-05T00:00:00.000Z'),
  ('b_a1303', 'exh_sibf_2026', 'hall_a', 'cat_art', 'A1303', 'exhibitor', '프란츠', '예술 외 1', '[]'::jsonb, '프란츠 · 부스 A1303', '프란츠의 부스입니다. 부스 번호 A1303. 분야: 예술, 문학. 현장에서 신간 전시와 굿즈, 사인회를 만나볼 수 있어요. 2026 서울국제도서전 참가사입니다.', '[]'::jsonb, null, null, 'http://franz.kr', '["art"]'::jsonb, 220, 2364, 50, '2026-01-05T00:00:00.000Z'),
  ('b_a1304', 'exh_sibf_2026', 'hall_a', 'cat_general', 'A1304', 'exhibitor', '귤프레스', '기타(만화)', '[]'::jsonb, '귤프레스 · 부스 A1304', '귤프레스의 부스입니다. 부스 번호 A1304. 분야: 기타(만화). 현장에서 신간 전시와 굿즈, 사인회를 만나볼 수 있어요. 2026 서울국제도서전 참가사입니다.', '[]'::jsonb, null, null, 'https://www.instagram.com/guulpress/', '["general"]'::jsonb, 220, 2306, 50, '2026-01-05T00:00:00.000Z'),
  ('b_a1305', 'exh_sibf_2026', 'hall_a', 'cat_humanities', 'A1305', 'exhibitor', '고요한소리', '종교', '[]'::jsonb, '고요한소리 · 부스 A1305', '고요한소리의 부스입니다. 부스 번호 A1305. 분야: 종교. 현장에서 신간 전시와 굿즈, 사인회를 만나볼 수 있어요. 2026 서울국제도서전 참가사입니다.', '[]'::jsonb, null, null, 'http://www.calmvoice.org/', '["humanities"]'::jsonb, 346, 2478, 50, '2026-01-05T00:00:00.000Z'),
  ('b_a1306', 'exh_sibf_2026', 'hall_a', 'cat_children', 'A1306', 'exhibitor', '쿵프레스', '아동', '[]'::jsonb, '쿵프레스 · 부스 A1306', '쿵프레스의 부스입니다. 부스 번호 A1306. 분야: 아동. 현장에서 신간 전시와 굿즈, 사인회를 만나볼 수 있어요. 2026 서울국제도서전 참가사입니다.', '[]'::jsonb, null, null, 'http://koongpress.com', '["children"]'::jsonb, 346, 2420, 50, '2026-01-05T00:00:00.000Z'),
  ('b_a1307', 'exh_sibf_2026', 'hall_a', 'cat_children', 'A1307', 'exhibitor', '한림출판사', '아동', '[]'::jsonb, '한림출판사 · 부스 A1307', '한림출판사의 부스입니다. 부스 번호 A1307. 분야: 아동. 현장에서 신간 전시와 굿즈, 사인회를 만나볼 수 있어요. 2026 서울국제도서전 참가사입니다.', '[]'::jsonb, null, null, 'https://www.hollym.co.kr', '["children"]'::jsonb, 346, 2364, 50, '2026-01-05T00:00:00.000Z'),
  ('b_a1308', 'exh_sibf_2026', 'hall_a', 'cat_art', 'A1308', 'exhibitor', '비플랫폼 외 1', '예술', '["소장각"]'::jsonb, '비플랫폼 외 1 · 부스 A1308', '비플랫폼 외 1의 부스입니다. 부스 번호 A1308. 분야: 예술. 현장에서 신간 전시와 굿즈, 사인회를 만나볼 수 있어요. 2026 서울국제도서전 참가사입니다.', '[]'::jsonb, null, null, 'https://www.instagram.com/bplatform/', '["art"]'::jsonb, 346, 2306, 50, '2026-01-05T00:00:00.000Z'),
  ('b_a1309', 'exh_sibf_2026', 'hall_a', 'cat_humanities', 'A1309', 'exhibitor', '(주)불광미디어', '철학 외 2', '[]'::jsonb, '(주)불광미디어 · 부스 A1309', '(주)불광미디어의 부스입니다. 부스 번호 A1309. 분야: 철학, 종교, 아동. 현장에서 신간 전시와 굿즈, 사인회를 만나볼 수 있어요. 2026 서울국제도서전 참가사입니다.', '[]'::jsonb, null, null, 'http://www.bulkwang.co.kr', '["humanities"]'::jsonb, 402, 2449, 50, '2026-01-05T00:00:00.000Z'),
  ('b_a1310', 'exh_sibf_2026', 'hall_a', 'cat_humanities', 'A1310', 'exhibitor', '라의눈주식회사', '총류 외 2', '[]'::jsonb, '라의눈주식회사 · 부스 A1310', '라의눈주식회사의 부스입니다. 부스 번호 A1310. 분야: 총류, 사회과학, 예술. 현장에서 신간 전시와 굿즈, 사인회를 만나볼 수 있어요. 2026 서울국제도서전 참가사입니다.', '[]'::jsonb, null, null, 'http://blog.naver.com/eye_of_ra', '["humanities"]'::jsonb, 402, 2364, 50, '2026-01-05T00:00:00.000Z'),
  ('b_a1311', 'exh_sibf_2026', 'hall_a', 'cat_art', 'A1311', 'exhibitor', '유어마인드', '예술', '[]'::jsonb, '유어마인드 · 부스 A1311', '유어마인드의 부스입니다. 부스 번호 A1311. 분야: 예술. 현장에서 신간 전시와 굿즈, 사인회를 만나볼 수 있어요. 2026 서울국제도서전 참가사입니다.', '[]'::jsonb, null, null, 'https://your-mind.com/', '["art"]'::jsonb, 402, 2306, 50, '2026-01-05T00:00:00.000Z'),
  ('b_a1401', 'exh_sibf_2026', 'hall_a', 'cat_children', 'A1401', 'exhibitor', '이룸아이', '아동', '[]'::jsonb, '이룸아이 · 부스 A1401', '이룸아이의 부스입니다. 부스 번호 A1401. 분야: 아동. 현장에서 신간 전시와 굿즈, 사인회를 만나볼 수 있어요. 2026 서울국제도서전 참가사입니다.', '[]'::jsonb, null, null, 'http://www.eribook.com', '["children"]'::jsonb, 536, 2478, 50, '2026-01-05T00:00:00.000Z'),
  ('b_a1402', 'exh_sibf_2026', 'hall_a', 'cat_science', 'A1402', 'exhibitor', '펜타클', '사회과학 외 2', '[]'::jsonb, '펜타클 · 부스 A1402', '펜타클의 부스입니다. 부스 번호 A1402. 분야: 사회과학, 문학, 역사. 현장에서 신간 전시와 굿즈, 사인회를 만나볼 수 있어요. 2026 서울국제도서전 참가사입니다.', '[]'::jsonb, null, null, 'https://www.instagram.com/pentaclebooks/', '["science"]'::jsonb, 536, 2420, 50, '2026-01-05T00:00:00.000Z'),
  ('b_a1403', 'exh_sibf_2026', 'hall_a', 'cat_children', 'A1403', 'exhibitor', '마음모자', '아동', '[]'::jsonb, '마음모자 · 부스 A1403', '마음모자의 부스입니다. 부스 번호 A1403. 분야: 아동. 현장에서 신간 전시와 굿즈, 사인회를 만나볼 수 있어요. 2026 서울국제도서전 참가사입니다.', '[]'::jsonb, null, null, 'http://maummoja.com', '["children"]'::jsonb, 536, 2364, 50, '2026-01-05T00:00:00.000Z'),
  ('b_a1404', 'exh_sibf_2026', 'hall_a', 'cat_children', 'A1404', 'exhibitor', '스토리보울', '아동', '[]'::jsonb, '스토리보울 · 부스 A1404', '스토리보울의 부스입니다. 부스 번호 A1404. 분야: 아동. 현장에서 신간 전시와 굿즈, 사인회를 만나볼 수 있어요. 2026 서울국제도서전 참가사입니다.', '[]'::jsonb, null, null, 'http://www.storybowl.com', '["children"]'::jsonb, 536, 2306, 50, '2026-01-05T00:00:00.000Z'),
  ('b_a1405', 'exh_sibf_2026', 'hall_a', 'cat_humanities', 'A1405', 'exhibitor', '지우 외 5', '종교', '["아르카","소유","뜰힘","구름이머무는동안","몽당연필"]'::jsonb, '지우 외 5 · 부스 A1405', '지우 외 5의 부스입니다. 부스 번호 A1405. 분야: 종교. 현장에서 신간 전시와 굿즈, 사인회를 만나볼 수 있어요. 2026 서울국제도서전 참가사입니다.', '[]'::jsonb, null, null, 'http://www.instagram.com/jiwoopub/ www.youtube.com/@jiwoopub', '["humanities"]'::jsonb, 594, 2449, 50, '2026-01-05T00:00:00.000Z'),
  ('b_a1406', 'exh_sibf_2026', 'hall_a', 'cat_humanities', 'A1406', 'exhibitor', '템북 외 7', '종교 외 2', '["쿰란출판사","블리스","바이블네비게이션(주)","문광서원","동연","CUP","한국기독교출판협회"]'::jsonb, '템북 외 7 · 부스 A1406', '템북 외 7의 부스입니다. 부스 번호 A1406. 분야: 종교, 문학, 아동. 현장에서 신간 전시와 굿즈, 사인회를 만나볼 수 있어요. 2026 서울국제도서전 참가사입니다.', '[]'::jsonb, null, null, 'http://tembook.kr', '["humanities"]'::jsonb, 594, 2335, 50, '2026-01-05T00:00:00.000Z'),
  ('b_a1407', 'exh_sibf_2026', 'hall_a', 'cat_lit', 'A1407', 'exhibitor', '아작', '문학', '[]'::jsonb, '아작 · 부스 A1407', '아작의 부스입니다. 부스 번호 A1407. 분야: 문학. 현장에서 신간 전시와 굿즈, 사인회를 만나볼 수 있어요. 2026 서울국제도서전 참가사입니다.', '[]'::jsonb, null, null, 'http://arzak.co.kr', '["lit"]'::jsonb, 720, 2449, 50, '2026-01-05T00:00:00.000Z'),
  ('b_a1408', 'exh_sibf_2026', 'hall_a', 'cat_lit', 'A1408', 'exhibitor', '(주)이퍼블릭 코리아', '문학 외 1', '[]'::jsonb, '(주)이퍼블릭 코리아 · 부스 A1408', '(주)이퍼블릭 코리아의 부스입니다. 부스 번호 A1408. 분야: 문학, 아동. 현장에서 신간 전시와 굿즈, 사인회를 만나볼 수 있어요. 2026 서울국제도서전 참가사입니다.', '[]'::jsonb, null, null, null, '["lit"]'::jsonb, 720, 2335, 50, '2026-01-05T00:00:00.000Z'),
  ('b_a1409', 'exh_sibf_2026', 'hall_a', 'cat_children', 'A1409', 'exhibitor', '도서출판 키다리', '아동', '[]'::jsonb, '도서출판 키다리 · 부스 A1409', '도서출판 키다리의 부스입니다. 부스 번호 A1409. 분야: 아동. 현장에서 신간 전시와 굿즈, 사인회를 만나볼 수 있어요. 2026 서울국제도서전 참가사입니다.', '[]'::jsonb, null, null, 'https://www.kidaribook.kr/', '["children"]'::jsonb, 776, 2449, 50, '2026-01-05T00:00:00.000Z'),
  ('b_a1410', 'exh_sibf_2026', 'hall_a', 'cat_art', 'A1410', 'exhibitor', '혜화1117 외 4', '예술 외 1', '["목수책방","메멘토","가지출판사","에디토리얼"]'::jsonb, '혜화1117 외 4 · 부스 A1410', '혜화1117 외 4의 부스입니다. 부스 번호 A1410. 분야: 예술, 기타(인문교양). 현장에서 신간 전시와 굿즈, 사인회를 만나볼 수 있어요. 2026 서울국제도서전 참가사입니다.', '[]'::jsonb, null, null, 'http://www.instagram.com/hyehwa1117', '["art"]'::jsonb, 776, 2335, 50, '2026-01-05T00:00:00.000Z'),
  ('b_a1501', 'exh_sibf_2026', 'hall_a', 'cat_humanities', 'A1501', 'exhibitor', '시공사', '총류 외 14', '[]'::jsonb, '시공사 · 부스 A1501', '시공사의 부스입니다. 부스 번호 A1501. 분야: 총류, 철학, 종교, 사회과학, 순수과학, 기술과학, 공공기관, 예술, 언어, 문학, 역사, 아동, 학습참고서, 전자출판, 기타. 현장에서 신간 전시와 굿즈, 사인회를 만나볼 수 있어요. 2026 서울국제도서전 참가사입니다.', '[]'::jsonb, null, null, 'https://www.sigongsa.com', '["humanities"]'::jsonb, 939, 2449, 50, '2026-01-05T00:00:00.000Z'),
  ('b_a1502', 'exh_sibf_2026', 'hall_a', 'cat_humanities', 'A1502', 'exhibitor', '전국동네책방네트워크', '총류 외 14', '[]'::jsonb, '전국동네책방네트워크 · 부스 A1502', '전국동네책방네트워크의 부스입니다. 부스 번호 A1502. 분야: 총류, 철학, 종교, 사회과학, 순수과학, 기술과학, 공공기관, 예술, 언어, 문학, 역사, 아동, 학습참고서, 전자출판, 기타. 현장에서 신간 전시와 굿즈, 사인회를 만나볼 수 있어요. 2026 서울국제도서전 참가사입니다.', '[]'::jsonb, null, null, 'https://www.instagram.com/chaegbangnet/', '["humanities"]'::jsonb, 939, 2335, 50, '2026-01-05T00:00:00.000Z'),
  ('b_a1503', 'exh_sibf_2026', 'hall_a', 'cat_general', 'A1503', 'exhibitor', '허스트중앙유한회사', '기타(매거진)', '[]'::jsonb, '허스트중앙유한회사 · 부스 A1503', '허스트중앙유한회사의 부스입니다. 부스 번호 A1503. 분야: 기타(매거진). 현장에서 신간 전시와 굿즈, 사인회를 만나볼 수 있어요. 2026 서울국제도서전 참가사입니다.', '[]'::jsonb, null, null, 'https://www.elle.co.kr/', '["general"]'::jsonb, 1122, 2392, 50, '2026-01-05T00:00:00.000Z'),
  ('b_a1601', 'exh_sibf_2026', 'hall_a', 'cat_humanities', 'A1601', 'exhibitor', '(주)열린책들', '총류 외 14', '[]'::jsonb, '(주)열린책들 · 부스 A1601', '(주)열린책들의 부스입니다. 부스 번호 A1601. 분야: 총류, 철학, 종교, 사회과학, 순수과학, 기술과학, 공공기관, 예술, 언어, 문학, 역사, 아동, 학습참고서, 전자출판, 기타. 현장에서 신간 전시와 굿즈, 사인회를 만나볼 수 있어요. 2026 서울국제도서전 참가사입니다.', '[]'::jsonb, null, null, 'http://www.openbooks.co.kr', '["humanities"]'::jsonb, 1318, 2392, 50, '2026-01-05T00:00:00.000Z'),
  ('b_a1602', 'exh_sibf_2026', 'hall_a', 'cat_humanities', 'A1602', 'exhibitor', '(주)오팬하우스', '총류 외 14', '[]'::jsonb, '(주)오팬하우스 · 부스 A1602', '(주)오팬하우스의 부스입니다. 부스 번호 A1602. 분야: 총류, 철학, 종교, 사회과학, 순수과학, 기술과학, 공공기관, 예술, 언어, 문학, 역사, 아동, 학습참고서, 전자출판, 기타. 현장에서 신간 전시와 굿즈, 사인회를 만나볼 수 있어요. 2026 서울국제도서전 참가사입니다.', '[]'::jsonb, null, null, 'https://www.ofanhouse.com/', '["humanities"]'::jsonb, 1501, 2392, 50, '2026-01-05T00:00:00.000Z'),
  ('b_a1701', 'exh_sibf_2026', 'hall_a', 'cat_general', 'A1701', 'exhibitor', '교보생명 서재 외 1', '기타', '["교보문고"]'::jsonb, '교보생명 서재 외 1 · 부스 A1701', '교보생명 서재 외 1의 부스입니다. 부스 번호 A1701. 분야: 기타. 현장에서 신간 전시와 굿즈, 사인회를 만나볼 수 있어요. 2026 서울국제도서전 참가사입니다.', '[]'::jsonb, null, null, 'https://www.kyobo.com/', '["general"]'::jsonb, 1722, 2392, 50, '2026-01-05T00:00:00.000Z'),
  ('b_a1702', 'exh_sibf_2026', 'hall_a', 'cat_humanities', 'A1702', 'exhibitor', '주식회사 케이티밀리의서재', '총류 외 14', '[]'::jsonb, '주식회사 케이티밀리의서재 · 부스 A1702', '주식회사 케이티밀리의서재의 부스입니다. 부스 번호 A1702. 분야: 총류, 철학, 종교, 사회과학, 순수과학, 기술과학, 공공기관, 예술, 언어, 문학, 역사, 아동, 학습참고서, 전자출판, 기타. 현장에서 신간 전시와 굿즈, 사인회를 만나볼 수 있어요. 2026 서울국제도서전 참가사입니다.', '[]'::jsonb, null, null, 'https://www.millie.co.kr/v3/brand', '["humanities"]'::jsonb, 1956, 2392, 50, '2026-01-05T00:00:00.000Z'),
  ('b_a1703', 'exh_sibf_2026', 'hall_a', 'cat_humanities', 'A1703', 'exhibitor', '예스24', '총류 외 14', '[]'::jsonb, '예스24 · 부스 A1703', '예스24의 부스입니다. 부스 번호 A1703. 분야: 총류, 철학, 종교, 사회과학, 순수과학, 기술과학, 공공기관, 예술, 언어, 문학, 역사, 아동, 학습참고서, 전자출판, 기타. 현장에서 신간 전시와 굿즈, 사인회를 만나볼 수 있어요. 2026 서울국제도서전 참가사입니다.', '[]'::jsonb, null, null, 'https://www.yes24.com', '["humanities"]'::jsonb, 2190, 2392, 50, '2026-01-05T00:00:00.000Z'),
  ('b_a1801', 'exh_sibf_2026', 'hall_a', 'cat_humanities', 'A1801', 'exhibitor', 'University of Toronto Press 외 12', '철학 외 7', '["Orca Book Publishers","McGill-Queen''s University Press","Les Éditions les Malins","Firefly Books","Éditions Québec Amérique","Éditions Michel Quintin","Éditions Fonfon","Éditions Alto","Drawn & Quarterly","BookLand Press","Annick Press","Livres Canada Books"]'::jsonb, 'University of Toronto Press 외 12 · 부스 A1801', 'University of Toronto Press 외 12의 부스입니다. 부스 번호 A1801. 분야: 철학, 사회과학, 예술, 언어, 문학, 역사, 학습참고서, 기타. 현장에서 신간 전시와 굿즈, 사인회를 만나볼 수 있어요. 2026 서울국제도서전 참가사입니다.', '[]'::jsonb, null, null, 'http://www.utppublishing.com', '["humanities"]'::jsonb, 2457, 2449, 50, '2026-01-05T00:00:00.000Z'),
  ('b_a1802', 'exh_sibf_2026', 'hall_a', 'cat_humanities', 'A1802', 'exhibitor', '펭귄랜덤하우스 UK', '총류 외 14', '[]'::jsonb, '펭귄랜덤하우스 UK · 부스 A1802', '펭귄랜덤하우스 UK의 부스입니다. 부스 번호 A1802. 분야: 총류, 철학, 종교, 사회과학, 순수과학, 기술과학, 공공기관, 예술, 언어, 문학, 역사, 아동, 학습참고서, 전자출판, 기타. 현장에서 신간 전시와 굿즈, 사인회를 만나볼 수 있어요. 2026 서울국제도서전 참가사입니다.', '[]'::jsonb, null, null, 'http://www.penguin.co.uk', '["humanities"]'::jsonb, 2457, 2335, 50, '2026-01-05T00:00:00.000Z'),
  ('b_a1803', 'exh_sibf_2026', 'hall_a', 'cat_humanities', 'A1803', 'exhibitor', 'Ullstein Buchverlage GmbH 외 12', '총류 외 14', '["Schweizerbart/Borntraeger Science Publishers","Rowohlt Verlag GmbH","Palomaa Publishing","MuseARTa GmbH","모어 지베크","Kiepenheuer & Witsch","주한독일문화원","German Pavilion","Dunkcer & Humblot GmbH","Droemer Knaur Publishing Group","Arbeitsgemeinschaft von Jugendbuchverlagen e.V.","독일 프랑크푸르트도서전"]'::jsonb, 'Ullstein Buchverlage GmbH 외 12 · 부스 A1803', 'Ullstein Buchverlage GmbH 외 12의 부스입니다. 부스 번호 A1803. 분야: 총류, 철학, 종교, 사회과학, 순수과학, 기술과학, 공공기관, 예술, 언어, 문학, 역사, 아동, 학습참고서, 전자출판, 기타. 현장에서 신간 전시와 굿즈, 사인회를 만나볼 수 있어요. 2026 서울국제도서전 참가사입니다.', '[]'::jsonb, null, null, 'http://www.ullstein.de', '["humanities"]'::jsonb, 2642, 2392, 50, '2026-01-05T00:00:00.000Z'),
  ('b_a1804', 'exh_sibf_2026', 'hall_a', 'cat_lit', 'A1804', 'exhibitor', 'YUEWEN|WebNovel', '문학 외 1', '[]'::jsonb, 'YUEWEN|WebNovel · 부스 A1804', 'YUEWEN|WebNovel의 부스입니다. 부스 번호 A1804. 분야: 문학, 전자출판. 현장에서 신간 전시와 굿즈, 사인회를 만나볼 수 있어요. 2026 서울국제도서전 참가사입니다.', '[]'::jsonb, null, null, 'http://www.yuewen.com/', '["lit"]'::jsonb, 2796, 2478, 50, '2026-01-05T00:00:00.000Z'),
  ('b_a1805', 'exh_sibf_2026', 'hall_a', 'cat_children', 'A1805', 'exhibitor', 'Beijiao Children Joy Education & Technology (Beijing) Co., Ltd.', '아동', '[]'::jsonb, 'Beijiao Children Joy Education & Technology (Beijing) Co., Ltd. · 부스 A1805', 'Beijiao Children Joy Education & Technology (Beijing) Co., Ltd.의 부스입니다. 부스 번호 A1805. 분야: 아동. 현장에서 신간 전시와 굿즈, 사인회를 만나볼 수 있어요. 2026 서울국제도서전 참가사입니다.', '[]'::jsonb, null, null, 'http://www.bjlankeke.com', '["children"]'::jsonb, 2796, 2420, 50, '2026-01-05T00:00:00.000Z'),
  ('b_a1806', 'exh_sibf_2026', 'hall_a', 'cat_humanities', 'A1806', 'exhibitor', 'Wells Hamilton Literary Consultants', '총류 외 14', '[]'::jsonb, 'Wells Hamilton Literary Consultants · 부스 A1806', 'Wells Hamilton Literary Consultants의 부스입니다. 부스 번호 A1806. 분야: 총류, 철학, 종교, 사회과학, 순수과학, 기술과학, 공공기관, 예술, 언어, 문학, 역사, 아동, 학습참고서, 전자출판, 기타. 현장에서 신간 전시와 굿즈, 사인회를 만나볼 수 있어요. 2026 서울국제도서전 참가사입니다.', '[]'::jsonb, null, null, 'http://www.wellshamilton.com', '["humanities"]'::jsonb, 2796, 2364, 50, '2026-01-05T00:00:00.000Z'),
  ('b_a1807', 'exh_sibf_2026', 'hall_a', 'cat_general', 'A1807', 'facility', '연사 라운지1', '부대 공간', '[]'::jsonb, '연사 라운지1 · 부스 A1807', '연사 라운지1 · A1807. 참가사 부스가 아닌 행사장 부대 공간이에요.', '[]'::jsonb, null, null, null, '["general"]'::jsonb, 2796, 2278, 50, '2026-01-05T00:00:00.000Z'),
  ('b_a1901', 'exh_sibf_2026', 'hall_a', 'cat_general', 'A1901', 'facility', '책만남홀2', '부대 공간', '[]'::jsonb, '책만남홀2 · 부스 A1901', '책만남홀2 · A1901. 참가사 부스가 아닌 행사장 부대 공간이에요.', '[]'::jsonb, null, null, null, '["general"]'::jsonb, 252, 2077, 50, '2026-01-05T00:00:00.000Z'),
  ('b_a1902', 'exh_sibf_2026', 'hall_a', 'cat_general', 'A1902', 'facility', '아트숍', '부대 공간', '[]'::jsonb, '아트숍 · 부스 A1902', '아트숍 · A1902. 참가사 부스가 아닌 행사장 부대 공간이에요.', '[]'::jsonb, null, null, null, '["general"]'::jsonb, 404, 2112, 50, '2026-01-05T00:00:00.000Z'),
  ('b_a1903', 'exh_sibf_2026', 'hall_a', 'cat_general', 'A1903', 'facility', '연사 라운지2', '부대 공간', '[]'::jsonb, '연사 라운지2 · 부스 A1903', '연사 라운지2 · A1903. 참가사 부스가 아닌 행사장 부대 공간이에요.', '[]'::jsonb, null, null, null, '["general"]'::jsonb, 410, 1992, 50, '2026-01-05T00:00:00.000Z'),
  ('b_a1904', 'exh_sibf_2026', 'hall_a', 'cat_humanities', 'A1904', 'exhibitor', '갈라파고스', '철학 외 2', '[]'::jsonb, '갈라파고스 · 부스 A1904', '갈라파고스의 부스입니다. 부스 번호 A1904. 분야: 철학, 사회과학, 역사. 현장에서 신간 전시와 굿즈, 사인회를 만나볼 수 있어요. 2026 서울국제도서전 참가사입니다.', '[]'::jsonb, null, null, 'https://galapagosp.com/', '["humanities"]'::jsonb, 468, 2162, 50, '2026-01-05T00:00:00.000Z'),
  ('b_a1905', 'exh_sibf_2026', 'hall_a', 'cat_humanities', 'A1905', 'exhibitor', '도서출판 들녘', '총류 외 14', '[]'::jsonb, '도서출판 들녘 · 부스 A1905', '도서출판 들녘의 부스입니다. 부스 번호 A1905. 분야: 총류, 철학, 종교, 사회과학, 순수과학, 기술과학, 공공기관, 예술, 언어, 문학, 역사, 아동, 학습참고서, 전자출판, 기타. 현장에서 신간 전시와 굿즈, 사인회를 만나볼 수 있어요. 2026 서울국제도서전 참가사입니다.', '[]'::jsonb, null, null, 'https://www.instagram.com/dulnyouk_pub/', '["humanities"]'::jsonb, 468, 2106, 50, '2026-01-05T00:00:00.000Z'),
  ('b_a1906', 'exh_sibf_2026', 'hall_a', 'cat_science', 'A1906', 'exhibitor', '원더박스', '사회과학 외 2', '[]'::jsonb, '원더박스 · 부스 A1906', '원더박스의 부스입니다. 부스 번호 A1906. 분야: 사회과학, 역사, 아동. 현장에서 신간 전시와 굿즈, 사인회를 만나볼 수 있어요. 2026 서울국제도서전 참가사입니다.', '[]'::jsonb, null, null, 'https://blog.naver.com/wonderbox13/', '["science"]'::jsonb, 468, 2048, 50, '2026-01-05T00:00:00.000Z'),
  ('b_a1907', 'exh_sibf_2026', 'hall_a', 'cat_humanities', 'A1907', 'exhibitor', '(주)크레용하우스', '총류 외 14', '[]'::jsonb, '(주)크레용하우스 · 부스 A1907', '(주)크레용하우스의 부스입니다. 부스 번호 A1907. 분야: 총류, 철학, 종교, 사회과학, 순수과학, 기술과학, 공공기관, 예술, 언어, 문학, 역사, 아동, 학습참고서, 전자출판, 기타. 현장에서 신간 전시와 굿즈, 사인회를 만나볼 수 있어요. 2026 서울국제도서전 참가사입니다.', '[]'::jsonb, null, null, 'http://www.crayonhouse.co.kr', '["humanities"]'::jsonb, 468, 1992, 50, '2026-01-05T00:00:00.000Z'),
  ('b_a2001', 'exh_sibf_2026', 'hall_a', 'cat_humanities', 'A2001', 'exhibitor', '생명의말씀사', '철학 외 2', '[]'::jsonb, '생명의말씀사 · 부스 A2001', '생명의말씀사의 부스입니다. 부스 번호 A2001. 분야: 철학, 종교, 전자출판. 현장에서 신간 전시와 굿즈, 사인회를 만나볼 수 있어요. 2026 서울국제도서전 참가사입니다.', '[]'::jsonb, null, null, 'https://www.lifebook.co.kr/main/', '["humanities"]'::jsonb, 602, 2162, 50, '2026-01-05T00:00:00.000Z'),
  ('b_a2002', 'exh_sibf_2026', 'hall_a', 'cat_humanities', 'A2002', 'exhibitor', '성서유니온', '종교', '[]'::jsonb, '성서유니온 · 부스 A2002', '성서유니온의 부스입니다. 부스 번호 A2002. 분야: 종교. 현장에서 신간 전시와 굿즈, 사인회를 만나볼 수 있어요. 2026 서울국제도서전 참가사입니다.', '[]'::jsonb, null, null, 'https://sum.su.or.kr:8888/', '["humanities"]'::jsonb, 602, 2106, 50, '2026-01-05T00:00:00.000Z'),
  ('b_a2003', 'exh_sibf_2026', 'hall_a', 'cat_general', 'A2003', 'exhibitor', '도서출판 다독다독 외 1', '기타(요리 외 3', '["폭스코너"]'::jsonb, '도서출판 다독다독 외 1 · 부스 A2003', '도서출판 다독다독 외 1의 부스입니다. 부스 번호 A2003. 분야: 기타(요리, 자녀교육, 취미, 교양). 현장에서 신간 전시와 굿즈, 사인회를 만나볼 수 있어요. 2026 서울국제도서전 참가사입니다.', '[]'::jsonb, null, null, 'https://www.instagram.com/dadokbooks', '["general"]'::jsonb, 602, 2048, 50, '2026-01-05T00:00:00.000Z'),
  ('b_a2004', 'exh_sibf_2026', 'hall_a', 'cat_art', 'A2004', 'exhibitor', '안온북스', '예술 외 1', '[]'::jsonb, '안온북스 · 부스 A2004', '안온북스의 부스입니다. 부스 번호 A2004. 분야: 예술, 문학. 현장에서 신간 전시와 굿즈, 사인회를 만나볼 수 있어요. 2026 서울국제도서전 참가사입니다.', '[]'::jsonb, null, null, 'http://www.anonbooks.net/main/index.php', '["art"]'::jsonb, 602, 1992, 50, '2026-01-05T00:00:00.000Z'),
  ('b_a2005', 'exh_sibf_2026', 'hall_a', 'cat_humanities', 'A2005', 'exhibitor', '청미출판사', '철학 외 2', '[]'::jsonb, '청미출판사 · 부스 A2005', '청미출판사의 부스입니다. 부스 번호 A2005. 분야: 철학, 사회과학, 문학. 현장에서 신간 전시와 굿즈, 사인회를 만나볼 수 있어요. 2026 서울국제도서전 참가사입니다.', '[]'::jsonb, null, null, 'https://blog.naver.com/cheongmipub', '["humanities"]'::jsonb, 659, 2162, 50, '2026-01-05T00:00:00.000Z'),
  ('b_a2006', 'exh_sibf_2026', 'hall_a', 'cat_science', 'A2006', 'exhibitor', '캠퍼스북', '사회과학 외 1', '[]'::jsonb, '캠퍼스북 · 부스 A2006', '캠퍼스북의 부스입니다. 부스 번호 A2006. 분야: 사회과학, 전자출판. 현장에서 신간 전시와 굿즈, 사인회를 만나볼 수 있어요. 2026 서울국제도서전 참가사입니다.', '[]'::jsonb, null, null, 'https://hakjisa.co.kr', '["science"]'::jsonb, 659, 2106, 50, '2026-01-05T00:00:00.000Z'),
  ('b_a2007', 'exh_sibf_2026', 'hall_a', 'cat_children', 'A2007', 'exhibitor', '잉글리시에그', '아동', '[]'::jsonb, '잉글리시에그 · 부스 A2007', '잉글리시에그의 부스입니다. 부스 번호 A2007. 분야: 아동. 현장에서 신간 전시와 굿즈, 사인회를 만나볼 수 있어요. 2026 서울국제도서전 참가사입니다.', '[]'::jsonb, null, null, 'http://www.englishegg.co.kr', '["children"]'::jsonb, 659, 2048, 50, '2026-01-05T00:00:00.000Z'),
  ('b_a2008', 'exh_sibf_2026', 'hall_a', 'cat_lit', 'A2008', 'exhibitor', '우리나비', '문학 외 2', '[]'::jsonb, '우리나비 · 부스 A2008', '우리나비의 부스입니다. 부스 번호 A2008. 분야: 문학, 아동, 기타(그래픽노블). 현장에서 신간 전시와 굿즈, 사인회를 만나볼 수 있어요. 2026 서울국제도서전 참가사입니다.', '[]'::jsonb, null, null, 'http://www.woorinabi.com', '["lit"]'::jsonb, 659, 1992, 50, '2026-01-05T00:00:00.000Z'),
  ('b_a2009', 'exh_sibf_2026', 'hall_a', 'cat_humanities', 'A2009', 'exhibitor', '호손재 외 16', '총류 외 2', '["호랑이꿈","허밍북스","한밤의빛","책과바람","쥬쥬베북스","좋은습관연구소","아트레이크 출판사","스타라잇 출판사","빅퀘스천 출판사","문학정원","어웨이크","11%","다정한시민","나무의말","그리모어","한국출판문화산업진흥원"]'::jsonb, '호손재 외 16 · 부스 A2009', '호손재 외 16의 부스입니다. 부스 번호 A2009. 분야: 총류, 문학, 전자출판. 현장에서 신간 전시와 굿즈, 사인회를 만나볼 수 있어요. 2026 서울국제도서전 참가사입니다.', '[]'::jsonb, null, null, 'https://www.instagram.com/hosonjae_books/', '["humanities"]'::jsonb, 813, 2134, 50, '2026-01-05T00:00:00.000Z'),
  ('b_a2010', 'exh_sibf_2026', 'hall_a', 'cat_humanities', 'A2010', 'exhibitor', '주식회사 난다', '철학 외 2', '[]'::jsonb, '주식회사 난다 · 부스 A2010', '주식회사 난다의 부스입니다. 부스 번호 A2010. 분야: 철학, 예술, 문학. 현장에서 신간 전시와 굿즈, 사인회를 만나볼 수 있어요. 2026 서울국제도서전 참가사입니다.', '[]'::jsonb, null, null, null, '["humanities"]'::jsonb, 813, 2020, 50, '2026-01-05T00:00:00.000Z'),
  ('b_a2101', 'exh_sibf_2026', 'hall_a', 'cat_science', 'A2101', 'exhibitor', '사회평론', '사회과학 외 2', '[]'::jsonb, '사회평론 · 부스 A2101', '사회평론의 부스입니다. 부스 번호 A2101. 분야: 사회과학, 예술, 학습참고서. 현장에서 신간 전시와 굿즈, 사인회를 만나볼 수 있어요. 2026 서울국제도서전 참가사입니다.', '[]'::jsonb, null, null, 'https://sapyoung.com/', '["science"]'::jsonb, 1004, 2134, 50, '2026-01-05T00:00:00.000Z'),
  ('b_a2102', 'exh_sibf_2026', 'hall_a', 'cat_art', 'A2102', 'exhibitor', '오이뮤', '예술 외 1', '[]'::jsonb, '오이뮤 · 부스 A2102', '오이뮤의 부스입니다. 부스 번호 A2102. 분야: 예술, 문학. 현장에서 신간 전시와 굿즈, 사인회를 만나볼 수 있어요. 2026 서울국제도서전 참가사입니다.', '[]'::jsonb, null, null, 'https://oimu-seoul.com/', '["art"]'::jsonb, 1004, 2020, 50, '2026-01-05T00:00:00.000Z'),
  ('b_a2103', 'exh_sibf_2026', 'hall_a', 'cat_humanities', 'A2103', 'exhibitor', '(주)휴머니스트 출판그룹 외 1', '총류 외 2', '["은행나무"]'::jsonb, '(주)휴머니스트 출판그룹 외 1 · 부스 A2103', '(주)휴머니스트 출판그룹 외 1의 부스입니다. 부스 번호 A2103. 분야: 총류, 사회과학, 역사. 현장에서 신간 전시와 굿즈, 사인회를 만나볼 수 있어요. 2026 서울국제도서전 참가사입니다.', '[]'::jsonb, null, null, 'http://www.humanistbooks.com', '["humanities"]'::jsonb, 1187, 2077, 50, '2026-01-05T00:00:00.000Z'),
  ('b_a2201', 'exh_sibf_2026', 'hall_a', 'cat_art', 'A2201', 'exhibitor', '길벗어린이', '예술 외 2', '[]'::jsonb, '길벗어린이 · 부스 A2201', '길벗어린이의 부스입니다. 부스 번호 A2201. 분야: 예술, 문학, 아동. 현장에서 신간 전시와 굿즈, 사인회를 만나볼 수 있어요. 2026 서울국제도서전 참가사입니다.', '[]'::jsonb, null, null, 'http://www.gilbutkid.co.kr', '["art"]'::jsonb, 1378, 2077, 50, '2026-01-05T00:00:00.000Z'),
  ('b_a2202', 'exh_sibf_2026', 'hall_a', 'cat_humanities', 'A2202', 'exhibitor', '문학과지성사', '총류 외 14', '[]'::jsonb, '문학과지성사 · 부스 A2202', '문학과지성사의 부스입니다. 부스 번호 A2202. 분야: 총류, 철학, 종교, 사회과학, 순수과학, 기술과학, 공공기관, 예술, 언어, 문학, 역사, 아동, 학습참고서, 전자출판, 기타. 현장에서 신간 전시와 굿즈, 사인회를 만나볼 수 있어요. 2026 서울국제도서전 참가사입니다.', '[]'::jsonb, null, null, 'http://www.moonji.com', '["humanities"]'::jsonb, 1561, 2077, 50, '2026-01-05T00:00:00.000Z'),
  ('b_a2203', 'exh_sibf_2026', 'hall_a', 'cat_lit', 'A2203', 'exhibitor', '소전문화재단', '문학', '[]'::jsonb, '소전문화재단 · 부스 A2203', '소전문화재단의 부스입니다. 부스 번호 A2203. 분야: 문학. 현장에서 신간 전시와 굿즈, 사인회를 만나볼 수 있어요. 2026 서울국제도서전 참가사입니다.', '[]'::jsonb, null, null, 'https://www.the-reader.or.kr', '["lit"]'::jsonb, 1744, 2077, 50, '2026-01-05T00:00:00.000Z'),
  ('b_a2301', 'exh_sibf_2026', 'hall_a', 'cat_humanities', 'A2301', 'exhibitor', '서울특별시교육청', '총류 외 14', '[]'::jsonb, '서울특별시교육청 · 부스 A2301', '서울특별시교육청의 부스입니다. 부스 번호 A2301. 분야: 총류, 철학, 종교, 사회과학, 순수과학, 기술과학, 공공기관, 예술, 언어, 문학, 역사, 아동, 학습참고서, 전자출판, 기타. 현장에서 신간 전시와 굿즈, 사인회를 만나볼 수 있어요. 2026 서울국제도서전 참가사입니다.', '[]'::jsonb, null, null, 'https://www.sen.go.kr/sen/index.do', '["humanities"]'::jsonb, 1935, 2077, 50, '2026-01-05T00:00:00.000Z'),
  ('b_a2302', 'exh_sibf_2026', 'hall_a', 'cat_science', 'A2302', 'exhibitor', '사계절출판사 외 1', '사회과학 외 2', '["마음산책"]'::jsonb, '사계절출판사 외 1 · 부스 A2302', '사계절출판사 외 1의 부스입니다. 부스 번호 A2302. 분야: 사회과학, 문학, 기타(그림책). 현장에서 신간 전시와 굿즈, 사인회를 만나볼 수 있어요. 2026 서울국제도서전 참가사입니다.', '[]'::jsonb, null, null, 'http://www.sakyejul.net', '["science"]'::jsonb, 2118, 2077, 50, '2026-01-05T00:00:00.000Z'),
  ('b_a2303', 'exh_sibf_2026', 'hall_a', 'cat_general', 'A2303', 'exhibitor', '주식회사 오뚜기 외 1', '기타(푸드에세이 외 1', '["디자인하우스"]'::jsonb, '주식회사 오뚜기 외 1 · 부스 A2303', '주식회사 오뚜기 외 1의 부스입니다. 부스 번호 A2303. 분야: 기타(푸드에세이, 브랜드북 등). 현장에서 신간 전시와 굿즈, 사인회를 만나볼 수 있어요. 2026 서울국제도서전 참가사입니다.', '[]'::jsonb, null, null, 'https://www.otoki.com/', '["general"]'::jsonb, 2301, 2077, 50, '2026-01-05T00:00:00.000Z'),
  ('b_a2401', 'exh_sibf_2026', 'hall_a', 'cat_general', 'A2401', 'exhibitor', 'Psygarden Publishing Company 외 7', '기타', '["National Taiwan University Press","Locus Publishing Company","Indie Publishers Association of Taiwan","Heryin Books, Inc.","Chang-Tang Int. Publishing Co.,Ltd","Academia Sinica","타이베이도서전재단"]'::jsonb, 'Psygarden Publishing Company 외 7 · 부스 A2401', 'Psygarden Publishing Company 외 7의 부스입니다. 부스 번호 A2401. 분야: 기타. 현장에서 신간 전시와 굿즈, 사인회를 만나볼 수 있어요. 2026 서울국제도서전 참가사입니다.', '[]'::jsonb, null, null, 'https://www.psygarden.com.tw/', '["general"]'::jsonb, 2492, 2077, 50, '2026-01-05T00:00:00.000Z'),
  ('b_a2402', 'exh_sibf_2026', 'hall_a', 'cat_general', 'A2402', 'facility', '책만남홀1', '부대 공간', '[]'::jsonb, '책만남홀1 · 부스 A2402', '책만남홀1 · A2402. 참가사 부스가 아닌 행사장 부대 공간이에요.', '[]'::jsonb, null, null, null, '["general"]'::jsonb, 2722, 2077, 50, '2026-01-05T00:00:00.000Z'),
  ('b_b101', 'exh_sibf_2026', 'hall_b', 'cat_humanities', 'B101', 'exhibitor', '어크로스', '총류 외 14', '[]'::jsonb, '어크로스 · 부스 B101', '어크로스의 부스입니다. 부스 번호 B101. 분야: 총류, 철학, 종교, 사회과학, 순수과학, 기술과학, 공공기관, 예술, 언어, 문학, 역사, 아동, 학습참고서, 전자출판, 기타. 현장에서 신간 전시와 굿즈, 사인회를 만나볼 수 있어요. 2026 서울국제도서전 참가사입니다.', '[]'::jsonb, null, null, 'http://acrossbook.com', '["humanities"]'::jsonb, 1700, 1621, 50, '2026-01-05T00:00:00.000Z'),
  ('b_b102', 'exh_sibf_2026', 'hall_b', 'cat_art', 'B102', 'exhibitor', '오리집 외 1', '예술 외 1', '["움직씨 출판사"]'::jsonb, '오리집 외 1 · 부스 B102', '오리집 외 1의 부스입니다. 부스 번호 B102. 분야: 예술, 문학. 현장에서 신간 전시와 굿즈, 사인회를 만나볼 수 있어요. 2026 서울국제도서전 참가사입니다.', '[]'::jsonb, null, null, 'https://www.instagram.com/orizip', '["art"]'::jsonb, 1700, 1536, 50, '2026-01-05T00:00:00.000Z'),
  ('b_b103', 'exh_sibf_2026', 'hall_b', 'cat_children', 'B103', 'exhibitor', '(주)책읽는곰', '아동', '[]'::jsonb, '(주)책읽는곰 · 부스 B103', '(주)책읽는곰의 부스입니다. 부스 번호 B103. 분야: 아동. 현장에서 신간 전시와 굿즈, 사인회를 만나볼 수 있어요. 2026 서울국제도서전 참가사입니다.', '[]'::jsonb, null, null, 'http://bearbooks.co.kr', '["children"]'::jsonb, 1700, 1450, 50, '2026-01-05T00:00:00.000Z'),
  ('b_b104', 'exh_sibf_2026', 'hall_b', 'cat_lit', 'B104', 'exhibitor', '토끼섬 외 1', '문학 외 1', '["페이퍼독"]'::jsonb, '토끼섬 외 1 · 부스 B104', '토끼섬 외 1의 부스입니다. 부스 번호 B104. 분야: 문학, 아동. 현장에서 신간 전시와 굿즈, 사인회를 만나볼 수 있어요. 2026 서울국제도서전 참가사입니다.', '[]'::jsonb, null, null, 'https://www.instagram.com/tokkiseom_book/', '["lit"]'::jsonb, 1826, 1621, 50, '2026-01-05T00:00:00.000Z'),
  ('b_b105', 'exh_sibf_2026', 'hall_b', 'cat_art', 'B105', 'exhibitor', '송송책방', '예술 외 2', '[]'::jsonb, '송송책방 · 부스 B105', '송송책방의 부스입니다. 부스 번호 B105. 분야: 예술, 문학, 아동. 현장에서 신간 전시와 굿즈, 사인회를 만나볼 수 있어요. 2026 서울국제도서전 참가사입니다.', '[]'::jsonb, null, null, 'http://www.songsongbooks.com', '["art"]'::jsonb, 1826, 1536, 50, '2026-01-05T00:00:00.000Z'),
  ('b_b106', 'exh_sibf_2026', 'hall_b', 'cat_lit', 'B106', 'exhibitor', '꿈공장플러스', '문학', '[]'::jsonb, '꿈공장플러스 · 부스 B106', '꿈공장플러스의 부스입니다. 부스 번호 B106. 분야: 문학. 현장에서 신간 전시와 굿즈, 사인회를 만나볼 수 있어요. 2026 서울국제도서전 참가사입니다.', '[]'::jsonb, null, null, 'http://www.dreambooks.kr', '["lit"]'::jsonb, 1826, 1450, 50, '2026-01-05T00:00:00.000Z'),
  ('b_b107', 'exh_sibf_2026', 'hall_b', 'cat_humanities', 'B107', 'exhibitor', '아카넷', '총류 외 2', '[]'::jsonb, '아카넷 · 부스 B107', '아카넷의 부스입니다. 부스 번호 B107. 분야: 총류, 철학, 역사. 현장에서 신간 전시와 굿즈, 사인회를 만나볼 수 있어요. 2026 서울국제도서전 참가사입니다.', '[]'::jsonb, null, null, 'http://www.acanet.co.kr/', '["humanities"]'::jsonb, 1882, 1621, 50, '2026-01-05T00:00:00.000Z'),
  ('b_b108', 'exh_sibf_2026', 'hall_b', 'cat_art', 'B108', 'exhibitor', '디자인이음', '예술 외 1', '[]'::jsonb, '디자인이음 · 부스 B108', '디자인이음의 부스입니다. 부스 번호 B108. 분야: 예술, 문학. 현장에서 신간 전시와 굿즈, 사인회를 만나볼 수 있어요. 2026 서울국제도서전 참가사입니다.', '[]'::jsonb, null, null, 'https://blog.naver.com/designeum/', '["art"]'::jsonb, 1882, 1536, 50, '2026-01-05T00:00:00.000Z'),
  ('b_b109', 'exh_sibf_2026', 'hall_b', 'cat_science', 'B109', 'exhibitor', '코쿤북스 외 1', '사회과학 외 2', '["컬처룩"]'::jsonb, '코쿤북스 외 1 · 부스 B109', '코쿤북스 외 1의 부스입니다. 부스 번호 B109. 분야: 사회과학, 순수과학, 예술. 현장에서 신간 전시와 굿즈, 사인회를 만나볼 수 있어요. 2026 서울국제도서전 참가사입니다.', '[]'::jsonb, null, null, 'https://www.instagram.com/cocoon_books/', '["science"]'::jsonb, 1882, 1450, 50, '2026-01-05T00:00:00.000Z'),
  ('b_b201', 'exh_sibf_2026', 'hall_b', 'cat_humanities', 'B201', 'exhibitor', '유유출판사', '총류 외 2', '[]'::jsonb, '유유출판사 · 부스 B201', '유유출판사의 부스입니다. 부스 번호 B201. 분야: 총류, 사회과학, 언어. 현장에서 신간 전시와 굿즈, 사인회를 만나볼 수 있어요. 2026 서울국제도서전 참가사입니다.', '[]'::jsonb, null, null, 'http://uupress.co.kr', '["humanities"]'::jsonb, 2008, 1621, 50, '2026-01-05T00:00:00.000Z'),
  ('b_b202', 'exh_sibf_2026', 'hall_b', 'cat_art', 'B202', 'exhibitor', '바람북스', '예술 외 1', '[]'::jsonb, '바람북스 · 부스 B202', '바람북스의 부스입니다. 부스 번호 B202. 분야: 예술, 문학. 현장에서 신간 전시와 굿즈, 사인회를 만나볼 수 있어요. 2026 서울국제도서전 참가사입니다.', '[]'::jsonb, null, null, 'https://www.barambooks.net/barambooks', '["art"]'::jsonb, 2008, 1536, 50, '2026-01-05T00:00:00.000Z'),
  ('b_b203', 'exh_sibf_2026', 'hall_b', 'cat_lit', 'B203', 'exhibitor', '스위밍꿀 외 1', '문학', '["레모 출판사"]'::jsonb, '스위밍꿀 외 1 · 부스 B203', '스위밍꿀 외 1의 부스입니다. 부스 번호 B203. 분야: 문학. 현장에서 신간 전시와 굿즈, 사인회를 만나볼 수 있어요. 2026 서울국제도서전 참가사입니다.', '[]'::jsonb, null, null, 'https://www.instagram.com/swimmingkul', '["lit"]'::jsonb, 2008, 1450, 50, '2026-01-05T00:00:00.000Z'),
  ('b_b204', 'exh_sibf_2026', 'hall_b', 'cat_lit', 'B204', 'exhibitor', '주식회사 도서출판점자', '문학 외 2', '[]'::jsonb, '주식회사 도서출판점자 · 부스 B204', '주식회사 도서출판점자의 부스입니다. 부스 번호 B204. 분야: 문학, 아동, 학습참고서. 현장에서 신간 전시와 굿즈, 사인회를 만나볼 수 있어요. 2026 서울국제도서전 참가사입니다.', '[]'::jsonb, null, null, 'https://www.kbraille.com/', '["lit"]'::jsonb, 2066, 1621, 50, '2026-01-05T00:00:00.000Z'),
  ('b_b205', 'exh_sibf_2026', 'hall_b', 'cat_art', 'B205', 'exhibitor', '후즈갓마이테일', '예술 외 2', '[]'::jsonb, '후즈갓마이테일 · 부스 B205', '후즈갓마이테일의 부스입니다. 부스 번호 B205. 분야: 예술, 문학, 아동. 현장에서 신간 전시와 굿즈, 사인회를 만나볼 수 있어요. 2026 서울국제도서전 참가사입니다.', '[]'::jsonb, null, null, 'http://instagram.com/whosgotmytail', '["art"]'::jsonb, 2066, 1536, 50, '2026-01-05T00:00:00.000Z'),
  ('b_b206', 'exh_sibf_2026', 'hall_b', 'cat_art', 'B206', 'exhibitor', '흰토끼프레스(바캉스프로젝트)', '예술 외 2', '[]'::jsonb, '흰토끼프레스(바캉스프로젝트) · 부스 B206', '흰토끼프레스(바캉스프로젝트)의 부스입니다. 부스 번호 B206. 분야: 예술, 문학, 아동. 현장에서 신간 전시와 굿즈, 사인회를 만나볼 수 있어요. 2026 서울국제도서전 참가사입니다.', '[]'::jsonb, null, null, 'https://www.instagram.com/vacancesproject', '["art"]'::jsonb, 2066, 1450, 50, '2026-01-05T00:00:00.000Z'),
  ('b_b207', 'exh_sibf_2026', 'hall_b', 'cat_general', 'B207', 'facility', 'SIBF x 글<페이지 사이의 우체국>', '부대 공간', '[]'::jsonb, 'SIBF x 글<페이지 사이의 우체국> · 부스 B207', 'SIBF x 글<페이지 사이의 우체국> · B207. 참가사 부스가 아닌 행사장 부대 공간이에요.', '[]'::jsonb, null, null, null, '["general"]'::jsonb, 2006, 1760, 50, '2026-01-05T00:00:00.000Z'),
  ('b_b301', 'exh_sibf_2026', 'hall_b', 'cat_humanities', 'B301', 'exhibitor', '도서출판 노란돼지', '총류 외 14', '[]'::jsonb, '도서출판 노란돼지 · 부스 B301', '도서출판 노란돼지의 부스입니다. 부스 번호 B301. 분야: 총류, 철학, 종교, 사회과학, 순수과학, 기술과학, 공공기관, 예술, 언어, 문학, 역사, 아동, 학습참고서, 전자출판, 기타. 현장에서 신간 전시와 굿즈, 사인회를 만나볼 수 있어요. 2026 서울국제도서전 참가사입니다.', '[]'::jsonb, null, null, 'http://yellowpig.co.kr', '["humanities"]'::jsonb, 2188, 1621, 50, '2026-01-05T00:00:00.000Z'),
  ('b_b302', 'exh_sibf_2026', 'hall_b', 'cat_children', 'B302', 'exhibitor', '늘보의 섬', '아동', '[]'::jsonb, '늘보의 섬 · 부스 B302', '늘보의 섬의 부스입니다. 부스 번호 B302. 분야: 아동. 현장에서 신간 전시와 굿즈, 사인회를 만나볼 수 있어요. 2026 서울국제도서전 참가사입니다.', '[]'::jsonb, null, null, 'http://www.slothisland.net', '["children"]'::jsonb, 2188, 1536, 50, '2026-01-05T00:00:00.000Z'),
  ('b_b303', 'exh_sibf_2026', 'hall_b', 'cat_lit', 'B303', 'exhibitor', '(주)창비교육', '문학 외 2', '[]'::jsonb, '(주)창비교육 · 부스 B303', '(주)창비교육의 부스입니다. 부스 번호 B303. 분야: 문학, 역사, 아동. 현장에서 신간 전시와 굿즈, 사인회를 만나볼 수 있어요. 2026 서울국제도서전 참가사입니다.', '[]'::jsonb, null, null, 'https://class.changbiedu.com/', '["lit"]'::jsonb, 2188, 1450, 50, '2026-01-05T00:00:00.000Z'),
  ('b_b304', 'exh_sibf_2026', 'hall_b', 'cat_science', 'B304', 'exhibitor', '서해문집', '사회과학 외 2', '[]'::jsonb, '서해문집 · 부스 B304', '서해문집의 부스입니다. 부스 번호 B304. 분야: 사회과학, 문학, 역사. 현장에서 신간 전시와 굿즈, 사인회를 만나볼 수 있어요. 2026 서울국제도서전 참가사입니다.', '[]'::jsonb, null, null, 'http://booksea.co.kr', '["science"]'::jsonb, 2246, 1621, 50, '2026-01-05T00:00:00.000Z'),
  ('b_b305', 'exh_sibf_2026', 'hall_b', 'cat_art', 'B305', 'exhibitor', '한림사', '예술', '[]'::jsonb, '한림사 · 부스 B305', '한림사의 부스입니다. 부스 번호 B305. 분야: 예술. 현장에서 신간 전시와 굿즈, 사인회를 만나볼 수 있어요. 2026 서울국제도서전 참가사입니다.', '[]'::jsonb, null, null, 'http://www.bookmarc.co.kr', '["art"]'::jsonb, 2246, 1536, 50, '2026-01-05T00:00:00.000Z'),
  ('b_b306', 'exh_sibf_2026', 'hall_b', 'cat_lit', 'B306', 'exhibitor', '나비클럽', '문학 외 1', '[]'::jsonb, '나비클럽 · 부스 B306', '나비클럽의 부스입니다. 부스 번호 B306. 분야: 문학, 기타(인문). 현장에서 신간 전시와 굿즈, 사인회를 만나볼 수 있어요. 2026 서울국제도서전 참가사입니다.', '[]'::jsonb, null, null, 'http://www.nabiclub.net', '["lit"]'::jsonb, 2246, 1450, 50, '2026-01-05T00:00:00.000Z'),
  ('b_b307', 'exh_sibf_2026', 'hall_b', 'cat_children', 'B307', 'exhibitor', '국립생태원', '아동 외 2', '[]'::jsonb, '국립생태원 · 부스 B307', '국립생태원의 부스입니다. 부스 번호 B307. 분야: 아동, 학습참고서, 기타(자연과학). 현장에서 신간 전시와 굿즈, 사인회를 만나볼 수 있어요. 2026 서울국제도서전 참가사입니다.', '[]'::jsonb, null, null, 'http://www.nie.re.kr', '["children"]'::jsonb, 2372, 1621, 50, '2026-01-05T00:00:00.000Z'),
  ('b_b308', 'exh_sibf_2026', 'hall_b', 'cat_art', 'B308', 'exhibitor', '퍼머넌트북스', '예술 외 2', '[]'::jsonb, '퍼머넌트북스 · 부스 B308', '퍼머넌트북스의 부스입니다. 부스 번호 B308. 분야: 예술, 문학, 아동. 현장에서 신간 전시와 굿즈, 사인회를 만나볼 수 있어요. 2026 서울국제도서전 참가사입니다.', '[]'::jsonb, null, null, 'https://bookbank-books.com/index.html', '["art"]'::jsonb, 2372, 1536, 50, '2026-01-05T00:00:00.000Z'),
  ('b_b309', 'exh_sibf_2026', 'hall_b', 'cat_science', 'B309', 'exhibitor', '주식회사 한겨레엔', '사회과학 외 2', '[]'::jsonb, '주식회사 한겨레엔 · 부스 B309', '주식회사 한겨레엔의 부스입니다. 부스 번호 B309. 분야: 사회과학, 예술, 문학. 현장에서 신간 전시와 굿즈, 사인회를 만나볼 수 있어요. 2026 서울국제도서전 참가사입니다.', '[]'::jsonb, null, null, 'http://www.hanibook.co.kr', '["science"]'::jsonb, 2372, 1450, 50, '2026-01-05T00:00:00.000Z'),
  ('b_b400', 'exh_sibf_2026', 'hall_b', 'cat_general', 'B400', 'facility', '책마을', '부대 공간', '[]'::jsonb, '책마을 · 부스 B400', '책마을 · B400. 참가사 부스가 아닌 행사장 부대 공간이에요.', '[]'::jsonb, null, null, null, '["general"]'::jsonb, 1510, 1100, 50, '2026-01-05T00:00:00.000Z'),
  ('b_b501', 'exh_sibf_2026', 'hall_b', 'cat_general', 'B501', 'exhibitor', '한솔제지(주)', '기타', '[]'::jsonb, '한솔제지(주) · 부스 B501', '한솔제지(주)의 부스입니다. 부스 번호 B501. 분야: 기타. 현장에서 신간 전시와 굿즈, 사인회를 만나볼 수 있어요. 2026 서울국제도서전 참가사입니다.', '[]'::jsonb, null, null, 'https://www.hansolpaper.co.kr/main', '["general"]'::jsonb, 1854, 1192, 50, '2026-01-05T00:00:00.000Z'),
  ('b_b502', 'exh_sibf_2026', 'hall_b', 'cat_lit', 'B502', 'exhibitor', '윤에디션', '문학 외 1', '[]'::jsonb, '윤에디션 · 부스 B502', '윤에디션의 부스입니다. 부스 번호 B502. 분야: 문학, 아동. 현장에서 신간 전시와 굿즈, 사인회를 만나볼 수 있어요. 2026 서울국제도서전 참가사입니다.', '[]'::jsonb, null, null, 'https://smartstore.naver.com/yunedition', '["lit"]'::jsonb, 1826, 952, 50, '2026-01-05T00:00:00.000Z'),
  ('b_b503', 'exh_sibf_2026', 'hall_b', 'cat_science', 'B503', 'exhibitor', '초록비책공방 외 1', '사회과학 외 2', '["롤러코스터"]'::jsonb, '초록비책공방 외 1 · 부스 B503', '초록비책공방 외 1의 부스입니다. 부스 번호 B503. 분야: 사회과학, 예술, 문학. 현장에서 신간 전시와 굿즈, 사인회를 만나볼 수 있어요. 2026 서울국제도서전 참가사입니다.', '[]'::jsonb, null, null, 'https://www.instagram.com/greenrainbooks', '["science"]'::jsonb, 1882, 952, 50, '2026-01-05T00:00:00.000Z'),
  ('b_b504', 'exh_sibf_2026', 'hall_b', 'cat_art', 'B504', 'exhibitor', '혼혼 외 32', '예술 외 2', '["해파리","페이지미디어브릿지","톰톰프레스","테일브릿지","출판사 이베르","정재이프레스","인생책방/마이북하우스","유유히","여름의서재","여가도시","쓰는사람","스튜디오블랑","스튜디오 에디트","선홍빛","생각하는 달팽이","빛틈","붉은사슴","북스토어블","밤두","물숨","무중력프레스","무블출판사","머핀북","마리유니버스","리케의 디자인랩","두유라이크","두두플래닛","도깨비사","니라이카나이","내로라 출판사","경옥초이","마포출판문화진흥센터"]'::jsonb, '혼혼 외 32 · 부스 B504', '혼혼 외 32의 부스입니다. 부스 번호 B504. 분야: 예술, 문학, 전자출판. 현장에서 신간 전시와 굿즈, 사인회를 만나볼 수 있어요. 2026 서울국제도서전 참가사입니다.', '[]'::jsonb, null, null, 'https://www.instagram.com/publisherhonhon/', '["art"]'::jsonb, 2037, 1192, 50, '2026-01-05T00:00:00.000Z'),
  ('b_b505', 'exh_sibf_2026', 'hall_b', 'cat_humanities', 'B505', 'exhibitor', '쪽프레스', '총류 외 2', '[]'::jsonb, '쪽프레스 · 부스 B505', '쪽프레스의 부스입니다. 부스 번호 B505. 분야: 총류, 예술, 문학. 현장에서 신간 전시와 굿즈, 사인회를 만나볼 수 있어요. 2026 서울국제도서전 참가사입니다.', '[]'::jsonb, null, null, 'http://jjokkpress.com', '["humanities"]'::jsonb, 2008, 952, 50, '2026-01-05T00:00:00.000Z'),
  ('b_b506', 'exh_sibf_2026', 'hall_b', 'cat_humanities', 'B506', 'exhibitor', '도서출판도반', '철학 외 2', '[]'::jsonb, '도서출판도반 · 부스 B506', '도서출판도반의 부스입니다. 부스 번호 B506. 분야: 철학, 종교, 문학. 현장에서 신간 전시와 굿즈, 사인회를 만나볼 수 있어요. 2026 서울국제도서전 참가사입니다.', '[]'::jsonb, null, null, 'http://dobanbooks.co.kr', '["humanities"]'::jsonb, 2066, 952, 50, '2026-01-05T00:00:00.000Z'),
  ('b_b601', 'exh_sibf_2026', 'hall_b', 'cat_lit', 'B601', 'exhibitor', '안전가옥', '문학', '[]'::jsonb, '안전가옥 · 부스 B601', '안전가옥의 부스입니다. 부스 번호 B601. 분야: 문학. 현장에서 신간 전시와 굿즈, 사인회를 만나볼 수 있어요. 2026 서울국제도서전 참가사입니다.', '[]'::jsonb, null, null, 'https://safehouse.kr', '["lit"]'::jsonb, 2291, 1220, 50, '2026-01-05T00:00:00.000Z'),
  ('b_b603', 'exh_sibf_2026', 'hall_b', 'cat_humanities', 'B603', 'exhibitor', '창비', '총류 외 14', '[]'::jsonb, '창비 · 부스 B603', '창비의 부스입니다. 부스 번호 B603. 분야: 총류, 철학, 종교, 사회과학, 순수과학, 기술과학, 공공기관, 예술, 언어, 문학, 역사, 아동, 학습참고서, 전자출판, 기타. 현장에서 신간 전시와 굿즈, 사인회를 만나볼 수 있어요. 2026 서울국제도서전 참가사입니다.', '[]'::jsonb, null, null, 'https://www.changbi.com/', '["humanities"]'::jsonb, 2600, 1220, 50, '2026-01-05T00:00:00.000Z'),
  ('b_b604', 'exh_sibf_2026', 'hall_b', 'cat_lit', 'B604', 'exhibitor', '아침달', '문학', '[]'::jsonb, '아침달 · 부스 B604', '아침달의 부스입니다. 부스 번호 B604. 분야: 문학. 현장에서 신간 전시와 굿즈, 사인회를 만나볼 수 있어요. 2026 서울국제도서전 참가사입니다.', '[]'::jsonb, null, null, 'http://blog.naver.com/achimdalbooks', '["lit"]'::jsonb, 2508, 1009, 50, '2026-01-05T00:00:00.000Z'),
  ('b_b605', 'exh_sibf_2026', 'hall_b', 'cat_science', 'B605', 'exhibitor', '다람출판사', '사회과학 외 2', '[]'::jsonb, '다람출판사 · 부스 B605', '다람출판사의 부스입니다. 부스 번호 B605. 분야: 사회과학, 문학, 역사. 현장에서 신간 전시와 굿즈, 사인회를 만나볼 수 있어요. 2026 서울국제도서전 참가사입니다.', '[]'::jsonb, null, null, 'https://www.instagram.com/darambooks/', '["science"]'::jsonb, 2508, 924, 50, '2026-01-05T00:00:00.000Z'),
  ('b_b606', 'exh_sibf_2026', 'hall_b', 'cat_humanities', 'B606', 'exhibitor', '주식회사 휴먼밸류 / 더클래스', '총류 외 2', '[]'::jsonb, '주식회사 휴먼밸류 / 더클래스 · 부스 B606', '주식회사 휴먼밸류 / 더클래스의 부스입니다. 부스 번호 B606. 분야: 총류, 사회과학, 문학. 현장에서 신간 전시와 굿즈, 사인회를 만나볼 수 있어요. 2026 서울국제도서전 참가사입니다.', '[]'::jsonb, null, null, 'https://www.youtube.com/@choemazon', '["humanities"]'::jsonb, 2566, 1038, 50, '2026-01-05T00:00:00.000Z'),
  ('b_b607', 'exh_sibf_2026', 'hall_b', 'cat_humanities', 'B607', 'exhibitor', '북챗', '언어 외 2', '[]'::jsonb, '북챗 · 부스 B607', '북챗의 부스입니다. 부스 번호 B607. 분야: 언어, 아동, 학습참고서. 현장에서 신간 전시와 굿즈, 사인회를 만나볼 수 있어요. 2026 서울국제도서전 참가사입니다.', '[]'::jsonb, null, null, 'https://www.bookchatkorea.com/', '["humanities"]'::jsonb, 2566, 980, 50, '2026-01-05T00:00:00.000Z'),
  ('b_b608', 'exh_sibf_2026', 'hall_b', 'cat_art', 'B608', 'exhibitor', '썸북스', '예술 외 2', '[]'::jsonb, '썸북스 · 부스 B608', '썸북스의 부스입니다. 부스 번호 B608. 분야: 예술, 문학, 기타(그림책). 현장에서 신간 전시와 굿즈, 사인회를 만나볼 수 있어요. 2026 서울국제도서전 참가사입니다.', '[]'::jsonb, null, null, 'http://www.somebooks.kr', '["art"]'::jsonb, 2566, 924, 50, '2026-01-05T00:00:00.000Z'),
  ('b_b609', 'exh_sibf_2026', 'hall_b', 'cat_humanities', 'B609', 'exhibitor', '국가보훈부', '총류 외 14', '[]'::jsonb, '국가보훈부 · 부스 B609', '국가보훈부의 부스입니다. 부스 번호 B609. 분야: 총류, 철학, 종교, 사회과학, 순수과학, 기술과학, 공공기관, 예술, 언어, 문학, 역사, 아동, 학습참고서, 전자출판, 기타. 현장에서 신간 전시와 굿즈, 사인회를 만나볼 수 있어요. 2026 서울국제도서전 참가사입니다.', '[]'::jsonb, null, null, 'http://www.mpva.go.kr', '["humanities"]'::jsonb, 2692, 980, 50, '2026-01-05T00:00:00.000Z'),
  ('b_b701', 'exh_sibf_2026', 'hall_b', 'cat_humanities', 'B701', 'facility', '커피 리브레', '부대 공간', '[]'::jsonb, '커피 리브레 · 부스 B701', '커피 리브레 · B701. 참가사 부스가 아닌 행사장 부대 공간이에요.', '[]'::jsonb, null, null, 'https://www.coffeelibre.kr/', '["humanities"]'::jsonb, 1486, 674, 50, '2026-01-05T00:00:00.000Z'),
  ('b_b702', 'exh_sibf_2026', 'hall_b', 'cat_general', 'B702', 'facility', 'BBK x SIBF 책 라운지 with 일룸', '부대 공간', '[]'::jsonb, 'BBK x SIBF 책 라운지 with 일룸 · 부스 B702', 'BBK x SIBF 책 라운지 with 일룸 · B702. 참가사 부스가 아닌 행사장 부대 공간이에요.', '[]'::jsonb, null, null, null, '["general"]'::jsonb, 1813, 674, 50, '2026-01-05T00:00:00.000Z'),
  ('b_b703', 'exh_sibf_2026', 'hall_b', 'cat_general', 'B703', 'facility', '주제전시', '부대 공간', '[]'::jsonb, '주제전시 · 부스 B703', '주제전시 · B703. 참가사 부스가 아닌 행사장 부대 공간이에요.', '[]'::jsonb, null, null, null, '["general"]'::jsonb, 2026, 674, 50, '2026-01-05T00:00:00.000Z'),
  ('b_b704', 'exh_sibf_2026', 'hall_b', 'cat_general', 'B704', 'facility', '책마당', '부대 공간', '[]'::jsonb, '책마당 · 부스 B704', '책마당 · B704. 참가사 부스가 아닌 행사장 부대 공간이에요.', '[]'::jsonb, null, null, null, '["general"]'::jsonb, 2358, 674, 50, '2026-01-05T00:00:00.000Z'),
  ('b_b705', 'exh_sibf_2026', 'hall_b', 'cat_general', 'B705', 'facility', '프레스콜', '부대 공간', '[]'::jsonb, '프레스콜 · 부스 B705', '프레스콜 · B705. 참가사 부스가 아닌 행사장 부대 공간이에요.', '[]'::jsonb, null, null, null, '["general"]'::jsonb, 2668, 763, 50, '2026-01-05T00:00:00.000Z'),
  ('b_b706', 'exh_sibf_2026', 'hall_b', 'cat_general', 'B706', 'facility', '연사 라운지3', '부대 공간', '[]'::jsonb, '연사 라운지3 · 부스 B706', '연사 라운지3 · B706. 참가사 부스가 아닌 행사장 부대 공간이에요.', '[]'::jsonb, null, null, null, '["general"]'::jsonb, 2668, 674, 50, '2026-01-05T00:00:00.000Z'),
  ('b_b707', 'exh_sibf_2026', 'hall_b', 'cat_general', 'B707', 'facility', '연사 라운지', '부대 공간', '[]'::jsonb, '연사 라운지 · 부스 B707', '연사 라운지 · B707. 참가사 부스가 아닌 행사장 부대 공간이에요.', '[]'::jsonb, null, null, null, '["general"]'::jsonb, 2668, 585, 50, '2026-01-05T00:00:00.000Z')
on conflict (id) do nothing;

insert into event (id, booth_id, title, description, start_time, end_time, reward_info, capacity, tag, subtitle, speaker, standing) values
  ('evs_1', 'b_b104', '볼로냐 국제아동도서전 라가치상 수상 이경국 작가 사인회', '2026 볼로냐 국제 아동도서전 라가치상 CrossMedia 스페셜 멘션 수상, 이경국 작가 신간 『기분의 모양』 작가 사인회를 진행합니다.', '2026-06-24T01:00:00.000Z', '2026-06-28T09:00:00.000Z', null, null, '저자 사인회', null, null, true),
  ('evs_2', 'b_a707', '책읽는고양이 도서 구입시 굿즈 증정', '도서를 구입하는 독자께 특별 굿즈를 드립니다.', '2026-06-24T01:00:00.000Z', '2026-06-28T09:00:00.000Z', null, null, '이벤트', null, null, true),
  ('evs_3', 'b_a707', '책읽는고양이 SNS 팔로우 이벤트', '책읽는고양이 부스(A707)로 오세요. SNS 팔로우하시면 굿즈를 드립니다.', '2026-06-24T01:00:00.000Z', '2026-06-28T09:00:00.000Z', null, null, '이벤트', null, null, true),
  ('evs_4', 'b_a802', '소원나무 도서 구매 이벤트', '소원나무 부스에서 도서 구매 시 오직 서울국제도서전에서만 만날 수 있는 키링, 우표 스티커 등의 굿즈를 증정합니다.', '2026-06-24T01:00:00.000Z', '2026-06-28T09:00:00.000Z', null, null, '이벤트', null, null, true),
  ('evs_5', 'b_a1102', '윌라, 윌라스토리 부스 체험 이벤트', '독서 플랫폼 윌라 부스에서 전자책·오디오북 체험 후 윌라스토리에서는 생생한 오디오 웹소설을 직접 경험해보세요. 간단한 미션 참여 시, 한정판 위글위글 콜라보 리유저블백을 드립니다.', '2026-06-24T01:00:00.000Z', '2026-06-28T09:00:00.000Z', null, null, '이벤트', null, null, true),
  ('evs_6', 'b_a1002', '나만의 마음공감책 만들기', '감정 질문지와 가치 글귀가 담긴 내지를 직접 선택 및 조합하여 ''나만의 마음공감책''을 만드는 참여형 프로그램. 마음공감책을 통해 일상에서 자기돌봄을 실천할 수 있습니다.', '2026-06-24T01:00:00.000Z', '2026-06-28T09:00:00.000Z', null, null, '이벤트', null, null, true),
  ('evs_7', 'b_a201', '우리가 연결돼 있다는 새파란 증거', '42개 키워드로 하이퍼링크의 힘과 아름다움을 더듬는 책 『하이퍼링크』. 현장에서 위 도서를 구매하는 분들께 우리가 연결돼 있다는 증거를 확인할 수 있는 물체를 드립니다.', '2026-06-24T01:00:00.000Z', '2026-06-28T09:00:00.000Z', null, null, '이벤트', null, null, true),
  ('evs_8', 'b_b304', '『연필』을 읽다, 연필을 만나다: 연필 큐레이션 전시', '책 『연필』 속에서만 보던 역사 속 개성 있는 연필들을 실제로 볼 수 있는 큐레이션 전시입니다. 『작은 연필 가게 흑심』과 함께 준비하였습니다. (빈티지 연필 구입 가능, 한정 수량)', '2026-06-24T01:00:00.000Z', '2026-06-28T09:00:00.000Z', null, null, '기타', null, null, true),
  ('evs_9', 'b_b304', '''서해문집X흑심'' 미니연필세트 증정', '서해문집 적독 서재 부스에서 책을 2권 이상 구매하시는 모든 분께 『작은 연필 가게 흑심』과 함께 제작한 ''미니 연필 세트''(디자인 택1)를 드립니다.', '2026-06-24T01:00:00.000Z', '2026-06-28T09:00:00.000Z', null, null, '이벤트', null, null, true),
  ('evs_10', 'b_a2301', '스탬프 책갈피 투어', '도서관 퀴즈 풀기, 내가 작성한 포스트잇으로 책파도 만들기 등의 체험 후 스탬프를 찍어 나만의 책갈피를 만들고, 특별한 굿즈도 받아가실 수 있습니다!', '2026-06-24T01:00:00.000Z', '2026-06-28T09:00:00.000Z', null, null, '이벤트', null, null, true),
  ('evs_11', 'b_a801', '미래 식량 무료 시식회', '저탄소 식생활을 실천할 수 있는 아이템! 친환경 사육으로 자란 ''식용곤충''을 활용한 미래 식량 시식회를 엽니다.', '2026-06-24T01:00:00.000Z', '2026-06-28T09:00:00.000Z', null, null, '이벤트', null, null, true),
  ('evs_12', 'b_a103', '어린왕자 컬러링 필사북 세트 판매', '어린왕자 그림 컬러링과 필사로 구성된 도서와 굿즈를 판매합니다.', '2026-06-24T01:00:00.000Z', '2026-06-28T09:00:00.000Z', null, null, '이벤트', null, null, true),
  ('evs_13', 'b_a103', '볼펜꾸미기 체험', '부카 부스에서 도서를 구매한 독자를 대상으로 한 볼펜꾸미기 체험 행사로, 책을 구매하시면 볼펜꾸미기를 무료로 체험 가능합니다.', '2026-06-24T01:00:00.000Z', '2026-06-28T09:00:00.000Z', null, null, '이벤트', null, null, true),
  ('evs_14', 'b_a1905', '장르문학 출판사 스탬프 투어', '장르문학 출판사 부스에서 스탬프를 받고 각 출판사의 장르문학 추구미도 구경해보세요! 저마다의 개성과 매력이 있답니다. 스탬프를 찍을 때마다 주어지는 소소한 특전은 덤입니다.', '2026-06-24T01:00:00.000Z', '2026-06-28T09:00:00.000Z', null, null, '이벤트', null, null, true),
  ('evs_15', 'b_a1701', '[방문 후기] 당신의 기록으로 완성되는 티키타카', '부스에서의 즐거운 순간을 SNS(인스타그램, 블로그 등)에 남겨주세요. 추첨을 통해 도서전의 여운을 간직하게 할 <선물>을 드립니다.', '2026-06-24T01:00:00.000Z', '2026-06-28T09:00:00.000Z', null, null, '이벤트', null, null, true),
  ('evs_16', 'b_a1701', '[문장 기록 이벤트] 그 시절 우리가 읽은 문장', '당신이 태어난 해, 세상은 어떤 문장에 설레었을까요? 역대 베스트셀러 책갈피 속 문장을 교보생명 서재에 등록하면 <스페셜 스티커팩>을 드립니다.', '2026-06-24T01:00:00.000Z', '2026-06-28T09:00:00.000Z', null, null, '이벤트', null, null, true),
  ('evs_17', 'b_a1701', '[웰컴 이벤트] 문장은 쏙- 지갑은 꽉!', '교보생명 앱에서 ''서재'' 회원 인증만 해도 문장을 마음속에 저장할 <문장수집 책갈피>와 부담을 덜어줄 <5,000원 할인 쿠폰>을 드립니다.', '2026-06-24T01:00:00.000Z', '2026-06-28T09:00:00.000Z', null, null, '이벤트', null, null, true),
  ('evs_18', 'b_b103', '종이 왕관 만들기', '좋아하는 그림책 캐릭터 도안을 골라 다양한 채색 도구로 종이 왕관을 꾸며 보세요. 왕처럼 환대받을 자격이 있는 어린이들을 위한 재미있는 공작 프로그램입니다.', '2026-06-24T01:00:00.000Z', '2026-06-28T09:00:00.000Z', null, null, '이벤트', null, null, true),
  ('evs_19', 'b_a1309', '내가 바로 부처! 직접 완성하는 불교 경전 글귀', '문장 카드와 스탬프로 직접 불경 속 글귀를 완성해보는 체험 이벤트가 진행됩니다.', '2026-06-24T01:00:00.000Z', '2026-06-28T09:00:00.000Z', null, null, '이벤트', null, null, true),
  ('evs_20', 'b_a1406', '아프리카 퀼트 책갈피 증정', '『아프리카에서 부르는 바람의 노래』 구매 시 아프리카 현지에서 제작한 퀼트 책갈피를 증정합니다.', '2026-06-24T01:00:00.000Z', '2026-06-28T09:00:00.000Z', null, null, '이벤트', null, null, true),
  ('evs_21', 'b_a1406', '아트 카드 증정', '템북 도서 구매 시 『리디밍 러브』와 『씨 뿌리는 자』의 표지 디자인을 활용한 아트 카드를 증정합니다.', '2026-06-24T01:00:00.000Z', '2026-06-28T09:00:00.000Z', null, null, '이벤트', null, null, true),
  ('evs_22', 'b_a1701', '수신지 작가 사인회', '『며느라기』의 작가 수신지의 신작 『반장으로서의 책임과 의무 7』을 서울국제도서전에서 처음 선보입니다.', '2026-06-24T01:00:00.000Z', '2026-06-28T09:00:00.000Z', null, null, '저자 사인회', null, null, true),
  ('evs_23', 'b_a1701', '사랑하는 당신에게: 도서 구매 시 편지지 증정', '이 책이 남긴 여운을 소중한 사람에게 전해 보세요. 도서 구매 시, 마음을 담을 수 있는 편지지를 증정합니다.', '2026-06-24T01:00:00.000Z', '2026-06-28T09:00:00.000Z', null, null, '이벤트', null, null, true),
  ('evp_2026-06-24_1', 'b_b704', '2026 서울국제도서전 개막식', '', '2026-06-24T01:30:00.000Z', '2026-06-24T03:00:00.000Z', null, null, '개막식', null, null, false),
  ('evp_2026-06-24_2', 'b_a601', '2026 서울국제도서전 주빈 개막식', '', '2026-06-24T02:30:00.000Z', '2026-06-24T03:30:00.000Z', null, null, '개막식', null, null, false),
  ('evp_2026-06-24_3', 'b_a1901', '내가 기다리던 책의 순간 – 인벤토리 책갈피 만들기', '', '2026-06-24T03:30:00.000Z', '2026-06-24T04:30:00.000Z', null, null, '워크숍 프로그램', null, '연사 | 나소연(일러스트레이터)', false),
  ('evp_2026-06-24_4', 'b_a2402', 'AI 시대의 윤리와 저작권 : 출판 산업의 과제', '', '2026-06-24T03:30:00.000Z', '2026-06-24T05:00:00.000Z', null, null, '국제 세미나', null, '연사 | 니콜라 로슈(프랑스 출판네트워크 대표), 도리스 첸(링킹 출판사 GM), 이영욱(변호사, 만화가) / 사회 | 김학희(한국문학예술저작권협회)', false),
  ('evp_2026-06-24_5', 'b_b704', '글쓴이와 옮긴이', '', '2026-06-24T05:00:00.000Z', '2026-06-24T06:30:00.000Z', null, null, '주제 강연', null, '연사 | 백수린(소설가, 번역가), 이주혜(소설가, 번역가), 정보라(데모꾼) / 사회 | 허희(문학평론가)', false),
  ('evp_2026-06-24_6', 'b_a1901', '『건축의 K』 저자와 함께하는 K-미학 건축 탐구', '', '2026-06-24T05:00:00.000Z', '2026-06-24T06:00:00.000Z', null, null, '작가와의 만남', null, '연사 | 노은주(건축가), 임형남(건축가)', false),
  ('evp_2026-06-24_7', 'b_a2402', '세상의 모든 요리, 미식 문화는 어떻게 우리 삶 속에 이야기를 만들어가는가', '', '2026-06-24T05:30:00.000Z', '2026-06-24T07:00:00.000Z', null, null, '해외 작가 강연', null, '연사 | 강현정(번역가), 윤화영(요리사), 프랑수아 레지스 고드리(미식 저널리스트, 작가) / 사회 | 김문영(이숲출판사 대표)', false),
  ('evp_2026-06-24_8', 'b_a1901', '어떤 종의 기원담, 그리고 우리의 미래담: 김보영 작가와의 만남', '', '2026-06-24T06:30:00.000Z', '2026-06-24T07:30:00.000Z', null, null, '작가와의 만남', null, '연사 | 김보영(소설가)', false),
  ('evp_2026-06-24_9', 'b_a601', '[미식체험] 라 벨일 루아즈와 함께하는 프랑스 브르타뉴 미식체험', '', '2026-06-24T07:00:00.000Z', '2026-06-24T07:30:00.000Z', null, null, '주빈 워크숍 프로그램', null, null, false),
  ('evp_2026-06-24_10', 'b_a2402', '바캉스 ''이래도 되나'' 북콘서트', '', '2026-06-24T07:30:00.000Z', '2026-06-24T09:00:00.000Z', null, null, '작가와의 만남', null, '연사 | 강혜숙(그림책 작가), 김유(그림책 작가), 노인경(그림책 작가), 메(그림책 작가), 서현(그림책 작가), 소윤경(그림책 작가), 오세나(그림책 작가), 우영(그림책 작가), 이수지(그림책 작가), 조오(그림책 작가), 조은영(그림책 작가), 현민경(그림책 작가) / 사회 | 정진호(그림책 작가)', false),
  ('evp_2026-06-24_11', 'b_a601', '미래를 읽다 : 프랑스-한국의 책읽는 사회를 위한 공공정책', '', '2026-06-24T07:30:00.000Z', '2026-06-24T08:30:00.000Z', null, null, '주빈 세미나 및 라운드 테이블', null, '연사 | 김진우(한국출판문화산업진흥원 책문화돋움본부장), 손정순(대한출판문화협회 부회장), 솔렌 마렉(프랑스 외무부) / 사회 | 니콜라 로슈(프랑스출판네트워크 대표)', false),
  ('evp_2026-06-24_12', 'b_b704', '2026 한국에서 가장 좋은 책 시상식', '', '2026-06-24T08:00:00.000Z', '2026-06-24T10:00:00.000Z', null, null, '시상식', null, null, false),
  ('evp_2026-06-24_13', 'b_a1901', '이다 작가와 함께하는 일상이 여행이 되는 기록법', '', '2026-06-24T08:00:00.000Z', '2026-06-24T09:00:00.000Z', null, null, '워크숍 프로그램', null, '연사 | 이다(일러스트레이터)', false),
  ('evp_2026-06-25_1', 'b_a2402', '익숙한 세계를 뒤집는 ''재미''', '', '2026-06-25T02:00:00.000Z', '2026-06-25T03:30:00.000Z', null, null, 'BBK 토크', null, '연사 | 김슬기(소설가), 들개이빨(만화가), 오정미(영화 각본가) / 사회 | 전혜정(청강문화산업대학교 만화콘텐츠스쿨 웹소설창작전공 교수)', false),
  ('evp_2026-06-25_2', 'b_a1901', '쓰지 못한 문장들', '', '2026-06-25T02:00:00.000Z', '2026-06-25T03:30:00.000Z', null, null, '아깝다, 이 책', null, '연사 | 김미월(소설가), 김이설(소설가), 조혜은(시인) / 사회 | 김나영(문학평론가)', false),
  ('evp_2026-06-25_3', 'b_b704', '리미티드 에디션 『인간선언 Homo duduri』 북토크', '', '2026-06-25T02:30:00.000Z', '2026-06-25T04:00:00.000Z', null, null, '리미티드 에디션', null, '연사 | 강화길(소설가), 배순탁(음악평론가, 작가), 이제니(시인) / 사회 | 원소윤(작가, 스탠드업 코미디언)', false),
  ('evp_2026-06-25_4', 'b_a1901', '드로잉 워크숍: 내 어깨 위 친구, 안아주기', '', '2026-06-25T04:00:00.000Z', '2026-06-25T05:30:00.000Z', null, null, '아깝다, 이 책', null, '연사 | 이수연(그림책 작가)', false),
  ('evp_2026-06-25_5', 'b_a2402', '황보름 신작 『윗집 부부』 출간 기념 북토크', '', '2026-06-25T04:00:00.000Z', '2026-06-25T05:00:00.000Z', null, null, '작가와의 만남', null, '연사 | 김수현(작가), 황보름(소설가)', false),
  ('evp_2026-06-25_6', 'b_b704', '상상력과 번역 : 문화를 넘어 이야기를 잇다', '', '2026-06-25T05:00:00.000Z', '2026-06-25T06:30:00.000Z', null, null, '해외 작가 강연', null, '연사 | 베르나르 베르베르(작가) / 사회 | 전미연(번역가)', false),
  ('evp_2026-06-25_7', 'b_a2402', '신체의 디아스포라', '', '2026-06-25T05:30:00.000Z', '2026-06-25T07:00:00.000Z', null, null, '해외 작가 강연', null, '연사 | 천쓰홍(소설가), 김이삭(번역가) / 사회 | 박혜진(편집자)', false),
  ('evp_2026-06-25_8', 'b_a1901', '출판 세미나: 방글라데시, 싱가포르, 타이완, 튀르키예의 출판 현황', '', '2026-06-25T06:30:00.000Z', '2026-06-25T08:00:00.000Z', null, null, '국제 세미나', null, '연사 | 르네 팅(싱가포르 아트북페어 디렉터), 미티아 오스만(방글라데시 마유르판키 CEO), 샤키 첸(타이완 독립출판협회 회장), 칸 쿠말리오글루(튀르키예 데스테크 미디어그룹 COO) / 사회 | 자크리트 욤파요름(태국 아보카도북스 공동창립자)', false),
  ('evp_2026-06-25_9', 'b_a601', '[어린이 워크숍] 어린이 아뜰리에: 이야기를 들려줘', '', '2026-06-25T07:00:00.000Z', '2026-06-25T08:00:00.000Z', null, null, '주빈 워크숍 프로그램', null, null, false),
  ('evp_2026-06-25_10', 'b_a2402', '한-불 아동 청소년 문학 : 상상과 현실을 잇다', '', '2026-06-25T07:30:00.000Z', '2026-06-25T09:00:00.000Z', null, null, '해외 작가 강연', null, '연사 | 마리오드 뮈라이유(작가), 안느 라발(작가), 이수지(작가) / 사회 | 박재연(번역가)', false),
  ('evp_2026-06-25_11', 'b_b704', '선우정아 코어(Core)', '', '2026-06-25T07:30:00.000Z', '2026-06-25T09:00:00.000Z', null, null, '주제 강연', null, '연사 | 선우정아(뮤지션) / 사회 | 배순탁(음악평론가, 작가)', false),
  ('evp_2026-06-25_12', 'b_a1901', '천문학자의 쓸모없음에 관하여', '', '2026-06-25T08:30:00.000Z', '2026-06-25T09:30:00.000Z', null, null, '작가와의 만남', null, '연사 | 지웅배(천문학자)', false),
  ('evp_2026-06-26_1', 'b_a2402', '진실을 찾는 눈: 팩트체커', '', '2026-06-26T02:00:00.000Z', '2026-06-26T03:30:00.000Z', null, null, '주제 세미나', null, '연사 | 김경호(MBC 팩트&이슈팀장), 장류진(소설가), 정지우(작가, 변호사) / 사회 | 송길영(마인드마이너)', false),
  ('evp_2026-06-26_2', 'b_a1901', '체인소 레이디, 김윤신: 끊임없이 도전하는 90세 전기톱 예술가', '', '2026-06-26T02:00:00.000Z', '2026-06-26T03:30:00.000Z', null, null, '여름, 첫 책', null, '연사 | 김윤신(예술가) / 사회 | 권근영(중앙일보 미술 기자)', false),
  ('evp_2026-06-26_3', 'b_b704', '어떻게 쓰는가—정세랑×박상영 합동 북 토크', '', '2026-06-26T02:30:00.000Z', '2026-06-26T04:00:00.000Z', null, null, '여름, 첫 책', null, '연사 | 박상영(소설가), 정세랑(소설가)', false),
  ('evp_2026-06-26_4', 'b_a1901', '인생이라는 사계절: 누구나 자기 삶의 철학자가 된다', '', '2026-06-26T04:00:00.000Z', '2026-06-26T05:30:00.000Z', null, null, '해외 작가 강연', null, '연사 | 파스칼 브뤼크네르(작가, 철학자) / 사회 | 이세진(번역가)', false),
  ('evp_2026-06-26_5', 'b_a2402', '미션 임파서블: 번역', '', '2026-06-26T04:30:00.000Z', '2026-06-26T06:00:00.000Z', null, null, '주제 강연', null, '연사 | 노승영(번역가), 정구웅(영상 번역가), 홍한별(번역가) / 사회 | 이다혜(작가, 기자)', false),
  ('evp_2026-06-26_6', 'b_b704', 'AI 시대, 인간의 지위를 다시 묻다: 경계 위의 존재', '', '2026-06-26T05:00:00.000Z', '2026-06-26T06:30:00.000Z', null, null, '주제 세미나', null, '연사 | 박수현(KAIST 뇌인지과학과 조교수), 이관수(작가, 동국대학교 다르마칼리지 강사), 이대한(성균관대학교 생명과학과 부교수) / 사회 | 이상욱(한양대학교 철학과 교수)', false),
  ('evp_2026-06-26_7', 'b_a1901', '추민주 극작가 『빨래』 북토크', '', '2026-06-26T06:00:00.000Z', '2026-06-26T07:30:00.000Z', null, null, '작가와의 만남', null, '연사 | 추민주(극작가) / 사회 | 유성원(편집자, MSM 퀴어활동가)', false),
  ('evp_2026-06-26_8', 'b_a601', '기억을 그리다 : 한-불 만화작가 대담', '', '2026-06-26T06:00:00.000Z', '2026-06-26T07:00:00.000Z', null, null, '주빈 세미나 및 라운드 테이블', null, '연사 | 김금숙(만화작가), 위빈 랑드루(작가) / 사회 | 김선미 (한국만화영상진흥원 만화콘텐츠실장)', false),
  ('evp_2026-06-26_9', 'b_a2402', '시가 되는 말, 두드리는 말', '', '2026-06-26T07:00:00.000Z', '2026-06-26T08:30:00.000Z', null, null, '주제 강연', null, '연사 | 신이인(시인), 안미옥(시인), 오은(시인) / 사회 | 전승민(문학평론가)', false),
  ('evp_2026-06-26_10', 'b_b704', '인간은 왜 자유를 원하는가? (최재천의아마존 X 서울국제도서전)', '', '2026-06-26T07:30:00.000Z', '2026-06-26T09:00:00.000Z', null, null, '작가와의 만남', null, '연사 | 김현정(CBS PD, 前김현정뉴스쇼 진행자), 사경인(CPA회계사), 임라라(260만 유튜버, 엔조이커플), 최재천(생명다양성재단 이사장, 이화여자대학교 명예교수)', false),
  ('evp_2026-06-26_11', 'b_a601', '목탄 드로잉 : 자연에서 예술로', '', '2026-06-26T07:30:00.000Z', '2026-06-26T08:30:00.000Z', null, null, '주빈 워크숍 프로그램', null, '연사 | 조이 콩스탕(작가, 일러스트레이터)', false),
  ('evp_2026-06-26_12', 'b_a1901', '서제인×이주혜 두 번역가의 리디아 데이비스 이야기', '', '2026-06-26T08:00:00.000Z', '2026-06-26T09:30:00.000Z', null, null, '작가와의 만남', null, '연사 | 서제인(번역가), 이주혜(소설가, 번역가) / 사회 | 나희영(편집자)', false),
  ('evp_2026-06-26_13', 'b_a2402', '여성의 감정: 개인의 상처에서 사회적 공명으로—대만 작가들의 시선', '', '2026-06-26T09:00:00.000Z', '2026-06-26T10:00:00.000Z', null, null, '해외 작가 강연', null, '연사 | 리앙(작가), 황후이전(작가, 영화감독) / 사회 | 노유다(움직씨 출판사 공동대표)', false),
  ('evp_2026-06-27_1', 'b_a601', '프랑스어 입문 워크숍', '', '2026-06-27T01:30:00.000Z', '2026-06-27T02:30:00.000Z', null, null, '주빈 워크숍 프로그램', null, null, false),
  ('evp_2026-06-27_2', 'b_a2402', 'AI 시대를 사는 예술가의 창작', '', '2026-06-27T02:00:00.000Z', '2026-06-27T03:30:00.000Z', null, null, '주제 세미나', null, '연사 | 달파란(작곡가, 프로듀서), 성기완(시인, 뮤지션), 이종범(작가) / 사회 | 구은서(한국경제신문 기자)', false),
  ('evp_2026-06-27_3', 'b_a1901', '김복희, 이명애의 시그림책 북토크', '', '2026-06-27T02:00:00.000Z', '2026-06-27T03:00:00.000Z', null, null, '작가와의 만남', null, '연사 | 김복희(시인), 이명애(그림책 작가)', false),
  ('evp_2026-06-27_4', 'b_a601', '베르나르 베르베르 사인회', '', '2026-06-27T02:30:00.000Z', '2026-06-27T03:30:00.000Z', null, null, '주빈 작가 사인회', null, null, false),
  ('evp_2026-06-27_5', 'b_b704', '우리의 몸은 다 다르지', '', '2026-06-27T02:30:00.000Z', '2026-06-27T04:00:00.000Z', null, null, '주제 강연', null, '연사 | 은희경(소설가) / 사회 | 황인찬(시인)', false),
  ('evp_2026-06-27_6', 'b_a1901', '몸 둘 곳을 마련하는 쓰기', '', '2026-06-27T03:30:00.000Z', '2026-06-27T04:30:00.000Z', null, null, '아깝다, 이 책', null, '연사 | 김지승(작가, 독립연구자) / 사회 | 유성원(편집자, MSM 퀴어활동가)', false),
  ('evp_2026-06-27_7', 'b_a601', '파리의 속삭임이 한국 도시의 미래를 깨우다', '', '2026-06-27T04:00:00.000Z', '2026-06-27T05:00:00.000Z', null, null, '주빈 강연 및 북토크', null, '연사 | 김성훈(건축가, 지음플러스 대표)', false),
  ('evp_2026-06-27_8', 'b_a2402', '선재 스님, 나를 살리는 음식들', '', '2026-06-27T04:30:00.000Z', '2026-06-27T06:00:00.000Z', null, null, '신간 발표 도서 〈여름, 첫 책〉', null, '연사 | 선재(승려)', false),
  ('evp_2026-06-27_9', 'b_b704', '인간과 인공지능은 사랑에 빠질 수 있을까', '', '2026-06-27T05:00:00.000Z', '2026-06-27T06:30:00.000Z', null, null, '주제 세미나', null, '연사 | 김신록(배우), 장동선(뇌과학자) / 사회 | 곽아람(조선일보 문화부 Books 팀장)', false),
  ('evp_2026-06-27_10', 'b_a1901', '비정기 문학 잡지 《유령들》의 부활', '', '2026-06-27T05:00:00.000Z', '2026-06-27T06:00:00.000Z', null, null, '작가와의 만남', null, '연사 | 김화진(소설가) / 사회 | 황예인(편집자)', false),
  ('evp_2026-06-27_11', 'b_a601', '프랑수아 레지스 고드리 사인회', '', '2026-06-27T05:00:00.000Z', '2026-06-27T06:00:00.000Z', null, null, '주빈 작가 사인회', null, null, false),
  ('evp_2026-06-27_12', 'b_a601', '감각의 계절 : 안느 라발과 함께하는 창작 워크숍', '', '2026-06-27T06:00:00.000Z', '2026-06-27T07:00:00.000Z', null, null, '주빈 워크숍 프로그램', null, '연사 | 안느 라발(작가)', false),
  ('evp_2026-06-27_13', 'b_a1901', '그릇에 담긴 마음 이야기', '', '2026-06-27T06:30:00.000Z', '2026-06-27T07:30:00.000Z', null, null, '작가와의 만남', null, '연사 | 전보라(작가)', false),
  ('evp_2026-06-27_14', 'b_a2402', '윌라 오디오북 낭독 콘서트', '', '2026-06-27T07:00:00.000Z', '2026-06-27T08:30:00.000Z', null, null, '작가와의 만남', null, '연사 | 김민주(성우), 김신지(작가), 신소율(작가, 배우), 장서화(성우), 정주원(성우) / 사회 | 정영한(MBC 아나운서)', false),
  ('evp_2026-06-27_15', 'b_a601', '『빅토르 콜랭 드 플랑시: 파리와 서울을 잇다』 북토크', '', '2026-06-27T07:00:00.000Z', '2026-06-27T07:30:00.000Z', null, null, '주빈 강연 및 북토크', null, '연사 | 스테파니 브루이에(미술사학자)', false),
  ('evp_2026-06-27_16', 'b_b704', '두려움이라는 이름의 길잡이', '', '2026-06-27T07:30:00.000Z', '2026-06-27T09:00:00.000Z', null, null, '해외 작가 강연', null, '연사 | 권오경(소설가), 아밀(김지현)(소설가, 번역가), 편혜영(소설가) / 사회 | 소유정(문학평론가)', false),
  ('evp_2026-06-27_17', 'b_a601', '나르왈, 어느 프랑스 포경선원의 조선 모험기', '', '2026-06-27T07:30:00.000Z', '2026-06-27T08:00:00.000Z', null, null, '주빈 강연 및 북토크', null, '연사 | 피에르-에마뉘엘 루 (역사학자)', false),
  ('evp_2026-06-27_18', 'b_a601', '비무장지대: 한반도 경계를 걸으며 사유하다', '', '2026-06-27T08:00:00.000Z', '2026-06-27T08:30:00.000Z', null, null, '주빈 강연 및 북토크', null, '연사 | 발레리 즐레조 (지리학자)', false),
  ('evp_2026-06-27_19', 'b_a1901', '디아스포라의 영혼 되찾기: 한국과 홍콩의 문학적 대화', '', '2026-06-27T08:00:00.000Z', '2026-06-27T09:30:00.000Z', null, null, '해외 작가 강연', null, '연사 | 조해진(소설가), 찬와이(소설가, 시나리오 작가) / 사회 | 김민경(민음사 편집자)', false),
  ('evp_2026-06-27_20', 'b_a601', '한국학 연구, 대중에게 어떻게 전할까', '', '2026-06-27T08:30:00.000Z', '2026-06-27T09:00:00.000Z', null, null, '주빈 세미나 및 라운드 테이블', null, '연사 | 발레리 즐레조 (지리학자), 스테파니 브루이에(미술사학자), 피에르-에마뉘엘 루 (역사학자) / 사회 | 벤자맹 주아노(아뜰리에 데 카이에 대표)', false),
  ('evp_2026-06-27_21', 'b_a601', '출판사 ''아뜰리에 데 카이에'' 창립 20주년', '', '2026-06-27T09:00:00.000Z', '2026-06-27T09:30:00.000Z', null, null, '주빈 세미나 및 라운드 테이블', null, '연사 | 발레리 즐레조 (지리학자), 스테파니 브루이에(미술사학자), 피에르-에마뉘엘 루 (역사학자) / 사회 | 벤자맹 주아노(아뜰리에 데 카이에 대표), 알렉상드르 하임(편집자)', false),
  ('evp_2026-06-27_22', 'b_a2402', '대만의 여성 정서: 한국과 나누는 대화', '', '2026-06-27T09:00:00.000Z', '2026-06-27T10:00:00.000Z', null, null, '해외 작가 강연', null, '연사 | 에바니 저우(오픈북 편집장), 이영희(작가, 중앙일보 국제부장) / 사회 | 하오밍이(작가, 출판인, 문화 기획자)', false),
  ('evp_2026-06-28_1', 'b_a601', '프랑스어 입문 워크숍', '', '2026-06-28T01:30:00.000Z', '2026-06-28T02:00:00.000Z', null, null, '주빈 워크숍 프로그램', null, null, false),
  ('evp_2026-06-28_2', 'b_b704', '[최재천 × 베르나르 베르베르] 개미와 인간, 서로 묻고 답하다', '', '2026-06-28T01:30:00.000Z', '2026-06-28T03:00:00.000Z', null, null, '작가와의 만남', null, '연사 | 베르나르 베르베르(작가), 최재천(생명다양성재단 이사장, 이화여자대학교 명예교수)', false),
  ('evp_2026-06-28_3', 'b_a601', '[미식체험] 라 벨일 루아즈와 함께하는 프랑스 브르타뉴 미식체험', '', '2026-06-28T02:00:00.000Z', '2026-06-28T03:00:00.000Z', null, null, '주빈 워크숍 프로그램', null, null, false),
  ('evp_2026-06-28_4', 'b_a1901', '무작정 걸어가는 발걸음: 재수 작가가 만난 사랑의 순간들', '', '2026-06-28T02:00:00.000Z', '2026-06-28T03:30:00.000Z', null, null, '여름, 첫 책', null, '연사 | 재수(만화가) / 사회 | 이기리(편집자, 시인)', false),
  ('evp_2026-06-28_5', 'b_a2402', '이옥토 작가 북토크', '', '2026-06-28T02:00:00.000Z', '2026-06-28T03:00:00.000Z', null, null, '작가와의 만남', null, '연사 | 이옥토(작가) / 사회 | 김겨울(작가)', false),
  ('evp_2026-06-28_6', 'b_a2402', '정관스님의 첫 책과 여름 이야기', '', '2026-06-28T03:30:00.000Z', '2026-06-28T04:30:00.000Z', null, null, '작가와의 만남', null, '연사 | 정관스님(사찰음식 명장)', false),
  ('evp_2026-06-28_7', 'b_b704', '선언하기에는 너무나 인간다운', '', '2026-06-28T04:00:00.000Z', '2026-06-28T05:30:00.000Z', null, null, '주제 강연', null, '연사 | 김애란(소설가), 박선우(소설가) / 사회 | 선우은실(문학평론가, 국립순천대학교 문예창작과 교수)', false),
  ('evp_2026-06-28_8', 'b_a1901', '밤과 책―두 세계 사이에서', '', '2026-06-28T04:00:00.000Z', '2026-06-28T05:30:00.000Z', null, null, '여름, 첫 책', null, '연사 | 김유태(작가, 매일경제 기자) / 사회 | 한소범(한국일보 기자)', false),
  ('evp_2026-06-28_9', 'b_a601', '마리오드 뮈라이유 사인회', '', '2026-06-28T04:30:00.000Z', '2026-06-28T05:30:00.000Z', null, null, '주빈 작가 사인회', null, null, false),
  ('evp_2026-06-28_10', 'b_a2402', '윙크를 나누는 기분: 『다가올 시간에 윙크 윙크』 북토크', '', '2026-06-28T05:00:00.000Z', '2026-06-28T06:30:00.000Z', null, null, '여름, 첫 책', null, '연사 | 고선경(시인), 김복희(시인), 안희연(시인), 유선혜(시인) / 사회 | 김현(시인)', false),
  ('evp_2026-06-28_11', 'b_a601', '프랑스어 입문 워크숍', '', '2026-06-28T05:30:00.000Z', '2026-06-28T06:30:00.000Z', null, null, '주빈 워크숍 프로그램', null, null, false),
  ('evp_2026-06-28_12', 'b_a1901', '볼로냐 라가치상 수상 작가 박현민의 신작 이야기', '', '2026-06-28T06:00:00.000Z', '2026-06-28T07:30:00.000Z', null, null, '워크숍 프로그램', null, '연사 | 박현민(그림책 작가)', false),
  ('evp_2026-06-28_13', 'b_b704', '인간과 인간 아닌 것: SF의 거울에 비친 우리', '', '2026-06-28T06:30:00.000Z', '2026-06-28T08:00:00.000Z', null, null, '해외 작가 강연', null, '연사 | 김초엽(작가), 박지선(작가) / 사회 | 심완선(SF 평론가)', false),
  ('evp_2026-06-28_14', 'b_a2402', '오딧세이아, 영웅의 여정', '', '2026-06-28T07:00:00.000Z', '2026-06-28T08:00:00.000Z', null, null, '작가와의 만남', null, '연사 | 김수영(작가)', false)
on conflict (id) do nothing;

insert into waiting (booth_id, enabled, queue_count, estimated_minutes, updated_at) values
  ('b_a1902', true, 52, 30, '2026-06-24T05:00:00.000Z'),
  ('b_a2402', true, 38, 22, '2026-06-24T06:00:00.000Z'),
  ('b_a101', true, 24, 15, '2026-06-24T04:00:00.000Z'),
  ('b_a102', true, 18, 11, '2026-06-24T04:00:00.000Z'),
  ('b_a103', true, 12, 8, '2026-06-24T04:00:00.000Z')
on conflict (booth_id) do nothing;

insert into welcome_kit (booth_id, enabled, name, description, image_url, remaining_count) values
  ('b_b400', true, '라운지 에코백', '도서전 한정 굿즈', null, 300),
  ('b_a1902', true, '아트 포스터', '현장 한정 포스터', null, 150)
on conflict (booth_id) do nothing;

insert into review (id, booth_id, session_id, rating, comment, author_name, created_at) values
  ('rv1', 'b_a1902', 'seed', 5, '전시 구성이 알차요. 추천!', '지민', '2026-06-24T05:40:00.000Z'),
  ('rv2', 'b_a2402', 'seed', 4, '신간 할인 폭이 커요.', '현우', '2026-06-24T06:20:00.000Z'),
  ('rv3', 'b_a101', 'seed', 4, '굿즈 예쁘고 직원분 친절해요.', '수아', '2026-06-24T04:30:00.000Z')
on conflict (id) do nothing;

insert into visitor_session (id, exhibition_id, created_at, last_seen_at) values
  ('seed', 'exh_sibf_2026', '2026-01-02T00:00:00.000Z', '2026-01-02T00:00:00.000Z')
on conflict (id) do nothing;

insert into community_post (id, exhibition_id, session_id, author_name, body, booth_id, created_at) values
  ('cp1', 'exh_sibf_2026', 'seed', '민지', 'A1902 사인회 대기 30분 넘어요. 지금은 한산한 쪽부터 도세요!', 'b_a1902', '2026-06-24T04:30:00.000Z'),
  ('cp2', 'exh_sibf_2026', 'seed', '준호', 'B400 라운지 스탬프 다 모으면 에코백 추첨해요.', 'b_b400', '2026-06-24T03:50:00.000Z'),
  ('cp3', 'exh_sibf_2026', 'seed', '익명', 'A2402 신간 굿즈 거의 다 나갔어요. 빨리 가보세요!', 'b_a2402', '2026-06-24T06:05:00.000Z')
on conflict (id) do nothing;

-- NS-5: 커뮤니티 글 삭제 정책(본인 글 삭제). 소유권은 앱에서 session_id로 검증.
drop policy if exists "anon delete community_post" on community_post;
create policy "anon delete community_post" on community_post for delete using (true);

-- NS-6: 동선 삭제 정책(내 동선 삭제). 소유권은 앱에서 session_id/user_id로 검증.
drop policy if exists "anon delete route" on route_plan;
create policy "anon delete route" on route_plan for delete using (true);

-- NS-5: 커뮤니티 글 신고 테이블(세션당 1회 중복방지). 임계 누적 시 앱에서 숨김.
create table if not exists community_report (
  id          text primary key default gen_random_uuid()::text,
  post_id     text not null references community_post(id) on delete cascade,
  session_id  text not null references visitor_session(id) on delete cascade,
  reason      text,
  created_at  timestamptz not null default now(),
  unique (post_id, session_id)
);
create index if not exists community_report_post_idx on community_report (post_id);
alter table community_report enable row level security;
drop policy if exists "public read community_report" on community_report;
drop policy if exists "anon insert community_report" on community_report;
create policy "public read community_report" on community_report for select using (true);
create policy "anon insert community_report" on community_report for insert with check (true);

commit;
