-- Roam 전체 데이터 reset + 재시드 (스키마 유지, 데이터만 교체).
-- 생성: gen-seed.mjs 결과(seed.sql) + truncate 프리앰블.
-- 적용: Supabase SQL Editor에 붙여넣고 실행.
begin;
truncate table
  community_post, visitor_session, review, welcome_kit, waiting,
  event, booth, category, hall, exhibition, organizer
restart identity cascade;

-- Generated by scripts/gen-seed.mjs — do not edit by hand.
-- 2026 Seoul International Book Fair seed (parity with mock).

insert into organizer (id, email, name) values
  ('org_sibf', 'sibf@sibf.kr', '서울국제도서전 사무국')
on conflict (id) do nothing;

insert into exhibition (id, slug, name, venue, description, start_date, end_date, cover_image_url, map_image_url, map_width, map_height, tips, organizer_id, created_at) values
  ('exh_sibf_2026', 'sibf-2026', '2026 서울국제도서전', '코엑스 A·B1홀, 서울 (COEX Hall A & B1)', '‘한 걸음(One Small Step)’을 주제로 열리는 국내 최대 규모의 책 축제. A홀·B1홀에 국내외 출판사 부스가 들어섭니다. 공식 부스배치도를 그대로 옮겨 실제 위치·크기로 길을 안내해요.', '2026-06-24', '2026-06-28', null, null, 3230, 3650, '{"transportation":"지하철 2호선 삼성역 5·6번 출구 또는 9호선 봉은사역에서 코엑스로 연결. A·B1홀은 코엑스 1층입니다.","parking":"코엑스 지하주차장 이용. 도서전 기간 혼잡하니 대중교통을 권장합니다.","ticket":"온라인 예매 및 현장 구매. 단체 티켓 신청 마감 6/8. 문의 sibf@sibf.kr / 02-702-0670(내선 4254).","guide":"운영시간 11:00–20:00. 주제 강연, 기획 전시, 작가 사인회·낭독회, 해외관을 즐겨보세요."}'::jsonb, 'org_sibf', '2026-01-02T00:00:00.000Z')
on conflict (id) do nothing;

insert into hall (id, exhibition_id, name, floor, sort) values
  ('hall_a', 'exh_sibf_2026', 'Hall A', 1, 0),
  ('hall_b', 'exh_sibf_2026', 'Hall B1', 1, 1)
on conflict (id) do nothing;

insert into category (id, slug, name, color, icon) values
  ('cat_lit', 'lit', '문학', '#f04452', 'BookOpen'),
  ('cat_children', 'children', '아동·그림책', '#ff8a3d', 'Blocks'),
  ('cat_humanities', 'humanities', '인문·사회', '#3182f6', 'Landmark'),
  ('cat_art', 'art', '예술·디자인', '#8b5cf6', 'Palette'),
  ('cat_science', 'science', '과학·기술', '#15c47e', 'FlaskConical'),
  ('cat_general', 'general', '종합', '#6b7684', 'Library')
on conflict (id) do nothing;

insert into booth (id, exhibition_id, hall_id, category_id, code, name, company, description, long_description, images, logo_url, instagram_url, website_url, tags, x, y, popularity, created_at) values
  ('b_a101', 'exh_sibf_2026', 'hall_a', 'cat_art', 'A101', '고스트북스', '예술 외 1', '고스트북스 · 부스 A101', '고스트북스의 부스입니다. 부스 번호 A101. 분야: 예술, 문학. 현장에서 신간 전시와 굿즈, 사인회를 만나볼 수 있어요. 2026 서울국제도서전 참가사입니다.', '[]'::jsonb, null, null, 'https://www.ghostbooks.kr/', '["art"]'::jsonb, 220, 3108, 50, '2026-01-05T00:00:00.000Z'),
  ('b_a102', 'exh_sibf_2026', 'hall_a', 'cat_lit', 'A102', '별빛들', '문학', '별빛들 · 부스 A102', '별빛들의 부스입니다. 부스 번호 A102. 분야: 문학. 현장에서 신간 전시와 굿즈, 사인회를 만나볼 수 있어요. 2026 서울국제도서전 참가사입니다.', '[]'::jsonb, null, null, 'https://byeolbitdeul.com', '["lit"]'::jsonb, 220, 3050, 50, '2026-01-05T00:00:00.000Z'),
  ('b_a103', 'exh_sibf_2026', 'hall_a', 'cat_humanities', 'A103', '도서출판부카', '총류 외 14', '도서출판부카 · 부스 A103', '도서출판부카의 부스입니다. 부스 번호 A103. 분야: 총류, 철학, 종교, 사회과학, 순수과학, 기술과학, 공공기관, 예술, 언어, 문학, 역사, 아동, 학습참고서, 전자출판, 기타. 현장에서 신간 전시와 굿즈, 사인회를 만나볼 수 있어요. 2026 서울국제도서전 참가사입니다.', '[]'::jsonb, null, null, 'http://bookaa-n.com', '["humanities"]'::jsonb, 220, 2994, 50, '2026-01-05T00:00:00.000Z'),
  ('b_a104', 'exh_sibf_2026', 'hall_a', 'cat_children', 'A104', '봄봄출판사', '아동', '봄봄출판사 · 부스 A104', '봄봄출판사의 부스입니다. 부스 번호 A104. 분야: 아동. 현장에서 신간 전시와 굿즈, 사인회를 만나볼 수 있어요. 2026 서울국제도서전 참가사입니다.', '[]'::jsonb, null, null, 'http://blog.naver.com/bbpub', '["children"]'::jsonb, 220, 2936, 50, '2026-01-05T00:00:00.000Z'),
  ('b_a105', 'exh_sibf_2026', 'hall_a', 'cat_science', 'A105', '단추 출판사', '사회과학 외 2', '단추 출판사 · 부스 A105', '단추 출판사의 부스입니다. 부스 번호 A105. 분야: 사회과학, 예술, 아동. 현장에서 신간 전시와 굿즈, 사인회를 만나볼 수 있어요. 2026 서울국제도서전 참가사입니다.', '[]'::jsonb, null, null, 'http://www.instagram.com/danchu_press', '["science"]'::jsonb, 346, 3108, 50, '2026-01-05T00:00:00.000Z'),
  ('b_a106', 'exh_sibf_2026', 'hall_a', 'cat_lit', 'A106', '밝은세상', '문학 외 1', '밝은세상 · 부스 A106', '밝은세상의 부스입니다. 부스 번호 A106. 분야: 문학, 전자출판. 현장에서 신간 전시와 굿즈, 사인회를 만나볼 수 있어요. 2026 서울국제도서전 참가사입니다.', '[]'::jsonb, null, null, null, '["lit"]'::jsonb, 346, 3050, 50, '2026-01-05T00:00:00.000Z'),
  ('b_a107', 'exh_sibf_2026', 'hall_a', 'cat_art', 'A107', '애플트리테일즈', '예술 외 1', '애플트리테일즈 · 부스 A107', '애플트리테일즈의 부스입니다. 부스 번호 A107. 분야: 예술, 아동. 현장에서 신간 전시와 굿즈, 사인회를 만나볼 수 있어요. 2026 서울국제도서전 참가사입니다.', '[]'::jsonb, null, null, 'https://www.appletreetales.com/', '["art"]'::jsonb, 346, 2994, 50, '2026-01-05T00:00:00.000Z'),
  ('b_a108', 'exh_sibf_2026', 'hall_a', 'cat_children', 'A108', '도서출판 달리 외 1', '아동 외 2', '도서출판 달리 외 1 · 부스 A108', '도서출판 달리 외 1의 부스입니다. 부스 번호 A108. 분야: 아동, 기타(유아, 그림책). 현장에서 신간 전시와 굿즈, 사인회를 만나볼 수 있어요. 2026 서울국제도서전 참가사입니다.', '[]'::jsonb, null, null, 'http://www.instagram.com/dahli_books', '["children"]'::jsonb, 346, 2936, 50, '2026-01-05T00:00:00.000Z'),
  ('b_a109', 'exh_sibf_2026', 'hall_a', 'cat_art', 'A109', '핀드', '예술 외 2', '핀드 · 부스 A109', '핀드의 부스입니다. 부스 번호 A109. 분야: 예술, 문학, 전자출판. 현장에서 신간 전시와 굿즈, 사인회를 만나볼 수 있어요. 2026 서울국제도서전 참가사입니다.', '[]'::jsonb, null, null, 'http://www.pinned.co.kr', '["art"]'::jsonb, 402, 3108, 50, '2026-01-05T00:00:00.000Z'),
  ('b_a110', 'exh_sibf_2026', 'hall_a', 'cat_humanities', 'A110', '소동출판사', '총류 외 2', '소동출판사 · 부스 A110', '소동출판사의 부스입니다. 부스 번호 A110. 분야: 총류, 예술, 아동. 현장에서 신간 전시와 굿즈, 사인회를 만나볼 수 있어요. 2026 서울국제도서전 참가사입니다.', '[]'::jsonb, null, null, 'http://www.facebook.com/sodongbook', '["humanities"]'::jsonb, 402, 3050, 50, '2026-01-05T00:00:00.000Z'),
  ('b_a111', 'exh_sibf_2026', 'hall_a', 'cat_lit', 'A111', '시사북스(빈페이지)', '문학 외 2', '시사북스(빈페이지) · 부스 A111', '시사북스(빈페이지)의 부스입니다. 부스 번호 A111. 분야: 문학, 기타(자기계발, 청소년). 현장에서 신간 전시와 굿즈, 사인회를 만나볼 수 있어요. 2026 서울국제도서전 참가사입니다.', '[]'::jsonb, null, null, 'https://www.sisabooks.com', '["lit"]'::jsonb, 402, 2994, 50, '2026-01-05T00:00:00.000Z'),
  ('b_a112', 'exh_sibf_2026', 'hall_a', 'cat_humanities', 'A112', '한국출판마케팅연구소', '총류 외 14', '한국출판마케팅연구소 · 부스 A112', '한국출판마케팅연구소의 부스입니다. 부스 번호 A112. 분야: 총류, 철학, 종교, 사회과학, 순수과학, 기술과학, 공공기관, 예술, 언어, 문학, 역사, 아동, 학습참고서, 전자출판, 기타. 현장에서 신간 전시와 굿즈, 사인회를 만나볼 수 있어요. 2026 서울국제도서전 참가사입니다.', '[]'::jsonb, null, null, 'https://www.kpm21.co.kr/', '["humanities"]'::jsonb, 402, 2936, 50, '2026-01-05T00:00:00.000Z'),
  ('b_a113', 'exh_sibf_2026', 'hall_a', 'cat_general', 'A113', 'A113', '', 'A113 · 부스 A113', 'A113의 부스입니다. 부스 번호 A113. 현장에서 신간 전시와 굿즈, 사인회를 만나볼 수 있어요. 2026 서울국제도서전 참가사입니다.', '[]'::jsonb, null, null, null, '["general"]'::jsonb, 311, 3190, 50, '2026-01-05T00:00:00.000Z'),
  ('b_a201', 'exh_sibf_2026', 'hall_a', 'cat_humanities', 'A201', '안그라픽스', '총류 외 2', '안그라픽스 · 부스 A201', '안그라픽스의 부스입니다. 부스 번호 A201. 분야: 총류, 예술, 학습참고서. 현장에서 신간 전시와 굿즈, 사인회를 만나볼 수 있어요. 2026 서울국제도서전 참가사입니다.', '[]'::jsonb, null, null, 'http://www.agbook.co.kr', '["humanities"]'::jsonb, 536, 3108, 50, '2026-01-05T00:00:00.000Z'),
  ('b_a202', 'exh_sibf_2026', 'hall_a', 'cat_art', 'A202', '프로파간다 외 2', '예술', '프로파간다 외 2 · 부스 A202', '프로파간다 외 2의 부스입니다. 부스 번호 A202. 분야: 예술. 현장에서 신간 전시와 굿즈, 사인회를 만나볼 수 있어요. 2026 서울국제도서전 참가사입니다.', '[]'::jsonb, null, null, 'http://www.graphicmag.co.kr', '["art"]'::jsonb, 536, 3050, 50, '2026-01-05T00:00:00.000Z'),
  ('b_a203', 'exh_sibf_2026', 'hall_a', 'cat_art', 'A203', '인북', '예술 외 2', '인북 · 부스 A203', '인북의 부스입니다. 부스 번호 A203. 분야: 예술, 문학, 아동. 현장에서 신간 전시와 굿즈, 사인회를 만나볼 수 있어요. 2026 서울국제도서전 참가사입니다.', '[]'::jsonb, null, null, 'http://blog.naver.com/inbook_py', '["art"]'::jsonb, 536, 2994, 50, '2026-01-05T00:00:00.000Z'),
  ('b_a204', 'exh_sibf_2026', 'hall_a', 'cat_lit', 'A204', '안녕로빈', '문학 외 1', '안녕로빈 · 부스 A204', '안녕로빈의 부스입니다. 부스 번호 A204. 분야: 문학, 아동. 현장에서 신간 전시와 굿즈, 사인회를 만나볼 수 있어요. 2026 서울국제도서전 참가사입니다.', '[]'::jsonb, null, null, 'https://www.instagram.com/hellorobin_books/', '["lit"]'::jsonb, 536, 2936, 50, '2026-01-05T00:00:00.000Z'),
  ('b_a205', 'exh_sibf_2026', 'hall_a', 'cat_lit', 'A205', '킨더랜드', '문학 외 1', '킨더랜드 · 부스 A205', '킨더랜드의 부스입니다. 부스 번호 A205. 분야: 문학, 아동. 현장에서 신간 전시와 굿즈, 사인회를 만나볼 수 있어요. 2026 서울국제도서전 참가사입니다.', '[]'::jsonb, null, null, 'https://www.kinderland.co.kr/', '["lit"]'::jsonb, 594, 3079, 50, '2026-01-05T00:00:00.000Z'),
  ('b_a206', 'exh_sibf_2026', 'hall_a', 'cat_science', 'A206', '(주)학토재', '사회과학 외 2', '(주)학토재 · 부스 A206', '(주)학토재의 부스입니다. 부스 번호 A206. 분야: 사회과학, 언어, 학습참고서. 현장에서 신간 전시와 굿즈, 사인회를 만나볼 수 있어요. 2026 서울국제도서전 참가사입니다.', '[]'::jsonb, null, null, 'https://happyedumall.com', '["science"]'::jsonb, 594, 2965, 50, '2026-01-05T00:00:00.000Z'),
  ('b_a207', 'exh_sibf_2026', 'hall_a', 'cat_children', 'A207', '노란상상', '아동', '노란상상 · 부스 A207', '노란상상의 부스입니다. 부스 번호 A207. 분야: 아동. 현장에서 신간 전시와 굿즈, 사인회를 만나볼 수 있어요. 2026 서울국제도서전 참가사입니다.', '[]'::jsonb, null, null, 'https://blog.naver.com/yyjune3', '["children"]'::jsonb, 720, 3079, 50, '2026-01-05T00:00:00.000Z'),
  ('b_a208', 'exh_sibf_2026', 'hall_a', 'cat_science', 'A208', '(주)도서출판보리', '순수과학 외 2', '(주)도서출판보리 · 부스 A208', '(주)도서출판보리의 부스입니다. 부스 번호 A208. 분야: 순수과학, 아동, 학습참고서. 현장에서 신간 전시와 굿즈, 사인회를 만나볼 수 있어요. 2026 서울국제도서전 참가사입니다.', '[]'::jsonb, null, null, 'https://www.boribook.com/', '["science"]'::jsonb, 720, 2965, 50, '2026-01-05T00:00:00.000Z'),
  ('b_a209', 'exh_sibf_2026', 'hall_a', 'cat_art', 'A209', '페이퍼스토리 외 2', '예술 외 2', '페이퍼스토리 외 2 · 부스 A209', '페이퍼스토리 외 2의 부스입니다. 부스 번호 A209. 분야: 예술, 문학, 아동. 현장에서 신간 전시와 굿즈, 사인회를 만나볼 수 있어요. 2026 서울국제도서전 참가사입니다.', '[]'::jsonb, null, null, 'https://www.instagram.com/paperstory_book/', '["art"]'::jsonb, 776, 3079, 50, '2026-01-05T00:00:00.000Z'),
  ('b_a210', 'exh_sibf_2026', 'hall_a', 'cat_lit', 'A210', '거북이북스', '문학 외 1', '거북이북스 · 부스 A210', '거북이북스의 부스입니다. 부스 번호 A210. 분야: 문학, 아동. 현장에서 신간 전시와 굿즈, 사인회를 만나볼 수 있어요. 2026 서울국제도서전 참가사입니다.', '[]'::jsonb, null, null, 'http://www.gobook2.com/', '["lit"]'::jsonb, 776, 2965, 50, '2026-01-05T00:00:00.000Z'),
  ('b_a301', 'exh_sibf_2026', 'hall_a', 'cat_art', 'A301', '워크룸 프레스', '예술 외 2', '워크룸 프레스 · 부스 A301', '워크룸 프레스의 부스입니다. 부스 번호 A301. 분야: 예술, 문학, 기타(디자인). 현장에서 신간 전시와 굿즈, 사인회를 만나볼 수 있어요. 2026 서울국제도서전 참가사입니다.', '[]'::jsonb, null, null, 'https://workroompress.kr/', '["art"]'::jsonb, 910, 3079, 50, '2026-01-05T00:00:00.000Z'),
  ('b_a302', 'exh_sibf_2026', 'hall_a', 'cat_science', 'A302', '산지니', '사회과학 외 2', '산지니 · 부스 A302', '산지니의 부스입니다. 부스 번호 A302. 분야: 사회과학, 문학, 아동. 현장에서 신간 전시와 굿즈, 사인회를 만나볼 수 있어요. 2026 서울국제도서전 참가사입니다.', '[]'::jsonb, null, null, 'http://www.sanzinibook.com/', '["science"]'::jsonb, 910, 2965, 50, '2026-01-05T00:00:00.000Z'),
  ('b_a303', 'exh_sibf_2026', 'hall_a', 'cat_humanities', 'A303', '까치글방', '총류 외 14', '까치글방 · 부스 A303', '까치글방의 부스입니다. 부스 번호 A303. 분야: 총류, 철학, 종교, 사회과학, 순수과학, 기술과학, 공공기관, 예술, 언어, 문학, 역사, 아동, 학습참고서, 전자출판, 기타. 현장에서 신간 전시와 굿즈, 사인회를 만나볼 수 있어요. 2026 서울국제도서전 참가사입니다.', '[]'::jsonb, null, null, 'https://www.kachibooks.co.kr/', '["humanities"]'::jsonb, 968, 3079, 50, '2026-01-05T00:00:00.000Z'),
  ('b_a304', 'exh_sibf_2026', 'hall_a', 'cat_humanities', 'A304', '글항아리', '철학 외 2', '글항아리 · 부스 A304', '글항아리의 부스입니다. 부스 번호 A304. 분야: 철학, 사회과학, 역사. 현장에서 신간 전시와 굿즈, 사인회를 만나볼 수 있어요. 2026 서울국제도서전 참가사입니다.', '[]'::jsonb, null, null, 'http://geulhangari.com', '["humanities"]'::jsonb, 968, 2965, 50, '2026-01-05T00:00:00.000Z'),
  ('b_a305', 'exh_sibf_2026', 'hall_a', 'cat_humanities', 'A305', '청아출판사 / 봄마중', '총류 외 14', '청아출판사 / 봄마중 · 부스 A305', '청아출판사 / 봄마중의 부스입니다. 부스 번호 A305. 분야: 총류, 철학, 종교, 사회과학, 순수과학, 기술과학, 공공기관, 예술, 언어, 문학, 역사, 아동, 학습참고서, 전자출판, 기타. 현장에서 신간 전시와 굿즈, 사인회를 만나볼 수 있어요. 2026 서울국제도서전 참가사입니다.', '[]'::jsonb, null, null, 'https://www.instagram.com/chunga_book', '["humanities"]'::jsonb, 1094, 3079, 50, '2026-01-05T00:00:00.000Z'),
  ('b_a306', 'exh_sibf_2026', 'hall_a', 'cat_humanities', 'A306', '도서출판 풀빛', '총류 외 2', '도서출판 풀빛 · 부스 A306', '도서출판 풀빛의 부스입니다. 부스 번호 A306. 분야: 총류, 사회과학, 아동. 현장에서 신간 전시와 굿즈, 사인회를 만나볼 수 있어요. 2026 서울국제도서전 참가사입니다.', '[]'::jsonb, null, null, 'https://www.pulbit.co.kr/', '["humanities"]'::jsonb, 1094, 2965, 50, '2026-01-05T00:00:00.000Z'),
  ('b_a307', 'exh_sibf_2026', 'hall_a', 'cat_science', 'A307', '도서출판 푸른숲', '사회과학 외 2', '도서출판 푸른숲 · 부스 A307', '도서출판 푸른숲의 부스입니다. 부스 번호 A307. 분야: 사회과학, 문학, 아동. 현장에서 신간 전시와 굿즈, 사인회를 만나볼 수 있어요. 2026 서울국제도서전 참가사입니다.', '[]'::jsonb, null, null, 'http://www.prunsoop.co.kr', '["science"]'::jsonb, 1152, 3079, 50, '2026-01-05T00:00:00.000Z'),
  ('b_a308', 'exh_sibf_2026', 'hall_a', 'cat_science', 'A308', '군자출판사 외 1', '기술과학 외 2', '군자출판사 외 1 · 부스 A308', '군자출판사 외 1의 부스입니다. 부스 번호 A308. 분야: 기술과학, 문학, 아동. 현장에서 신간 전시와 굿즈, 사인회를 만나볼 수 있어요. 2026 서울국제도서전 참가사입니다.', '[]'::jsonb, null, null, 'http://www.koonja.co.kr', '["science"]'::jsonb, 1152, 2965, 50, '2026-01-05T00:00:00.000Z'),
  ('b_a401', 'exh_sibf_2026', 'hall_a', 'cat_children', 'A401', '보림출판사', '아동', '보림출판사 · 부스 A401', '보림출판사의 부스입니다. 부스 번호 A401. 분야: 아동. 현장에서 신간 전시와 굿즈, 사인회를 만나볼 수 있어요. 2026 서울국제도서전 참가사입니다.', '[]'::jsonb, null, null, 'http://www.borimpress.com', '["children"]'::jsonb, 1318, 3079, 50, '2026-01-05T00:00:00.000Z'),
  ('b_a402', 'exh_sibf_2026', 'hall_a', 'cat_lit', 'A402', '네이버웹툰', '문학 외 1', '네이버웹툰 · 부스 A402', '네이버웹툰의 부스입니다. 부스 번호 A402. 분야: 문학, 전자출판. 현장에서 신간 전시와 굿즈, 사인회를 만나볼 수 있어요. 2026 서울국제도서전 참가사입니다.', '[]'::jsonb, null, null, 'https://comic.naver.com/index', '["lit"]'::jsonb, 1318, 2965, 50, '2026-01-05T00:00:00.000Z'),
  ('b_a403', 'exh_sibf_2026', 'hall_a', 'cat_humanities', 'A403', '(주)위즈덤하우스', '총류 외 14', '(주)위즈덤하우스 · 부스 A403', '(주)위즈덤하우스의 부스입니다. 부스 번호 A403. 분야: 총류, 철학, 종교, 사회과학, 순수과학, 기술과학, 공공기관, 예술, 언어, 문학, 역사, 아동, 학습참고서, 전자출판, 기타. 현장에서 신간 전시와 굿즈, 사인회를 만나볼 수 있어요. 2026 서울국제도서전 참가사입니다.', '[]'::jsonb, null, null, 'https://www.wisdomhouse.co.kr/', '["humanities"]'::jsonb, 1501, 3022, 50, '2026-01-05T00:00:00.000Z'),
  ('b_a501', 'exh_sibf_2026', 'hall_a', 'cat_lit', 'A501', '솔테라이브러리 외 1', '문학', '솔테라이브러리 외 1 · 부스 A501', '솔테라이브러리 외 1의 부스입니다. 부스 번호 A501. 분야: 문학. 현장에서 신간 전시와 굿즈, 사인회를 만나볼 수 있어요. 2026 서울국제도서전 참가사입니다.', '[]'::jsonb, null, null, 'https://www.saltelibrary.com/', '["lit"]'::jsonb, 1722, 3022, 50, '2026-01-05T00:00:00.000Z'),
  ('b_a502', 'exh_sibf_2026', 'hall_a', 'cat_humanities', 'A502', '(주)김영사', '총류 외 14', '(주)김영사 · 부스 A502', '(주)김영사의 부스입니다. 부스 번호 A502. 분야: 총류, 철학, 종교, 사회과학, 순수과학, 기술과학, 공공기관, 예술, 언어, 문학, 역사, 아동, 학습참고서, 전자출판, 기타. 현장에서 신간 전시와 굿즈, 사인회를 만나볼 수 있어요. 2026 서울국제도서전 참가사입니다.', '[]'::jsonb, null, null, 'http://gimmyoung.com', '["humanities"]'::jsonb, 1956, 3022, 50, '2026-01-05T00:00:00.000Z'),
  ('b_a503', 'exh_sibf_2026', 'hall_a', 'cat_science', 'A503', '(주)문학수첩', '순수과학 외 2', '(주)문학수첩 · 부스 A503', '(주)문학수첩의 부스입니다. 부스 번호 A503. 분야: 순수과학, 예술, 문학. 현장에서 신간 전시와 굿즈, 사인회를 만나볼 수 있어요. 2026 서울국제도서전 참가사입니다.', '[]'::jsonb, null, null, 'http://moonhak.co.kr/', '["science"]'::jsonb, 2190, 3022, 50, '2026-01-05T00:00:00.000Z'),
  ('b_a601', 'exh_sibf_2026', 'hall_a', 'cat_humanities', 'A601', '프랑스 출판네트워크 (구 : 프랑스국제출판사무국) 외 1', '총류 외 14', '프랑스 출판네트워크 (구 : 프랑스국제출판사무국) 외 1 · 부스 A601', '프랑스 출판네트워크 (구 : 프랑스국제출판사무국) 외 1의 부스입니다. 부스 번호 A601. 분야: 총류, 철학, 종교, 사회과학, 순수과학, 기술과학, 공공기관, 예술, 언어, 문학, 역사, 아동, 학습참고서, 전자출판, 기타. 현장에서 신간 전시와 굿즈, 사인회를 만나볼 수 있어요. 2026 서울국제도서전 참가사입니다.', '[]'::jsonb, null, null, 'http://www.booksfromfrance.fr', '["humanities"]'::jsonb, 2496, 3022, 50, '2026-01-05T00:00:00.000Z'),
  ('b_a602', 'exh_sibf_2026', 'hall_a', 'cat_lit', 'A602', '(주)쌤앤파커스', '문학 외 3', '(주)쌤앤파커스 · 부스 A602', '(주)쌤앤파커스의 부스입니다. 부스 번호 A602. 분야: 문학, 아동, 기타(자기계발, 경제경영). 현장에서 신간 전시와 굿즈, 사인회를 만나볼 수 있어요. 2026 서울국제도서전 참가사입니다.', '[]'::jsonb, null, null, 'http://www.samnparkers.com', '["lit"]'::jsonb, 2767, 3022, 50, '2026-01-05T00:00:00.000Z'),
  ('b_a701', 'exh_sibf_2026', 'hall_a', 'cat_humanities', 'A701', '봄알람', '철학 외 2', '봄알람 · 부스 A701', '봄알람의 부스입니다. 부스 번호 A701. 분야: 철학, 사회과학, 문학. 현장에서 신간 전시와 굿즈, 사인회를 만나볼 수 있어요. 2026 서울국제도서전 참가사입니다.', '[]'::jsonb, null, null, 'http://baumealame.com', '["humanities"]'::jsonb, 220, 2792, 50, '2026-01-05T00:00:00.000Z'),
  ('b_a702', 'exh_sibf_2026', 'hall_a', 'cat_art', 'A702', '타이피스트', '예술 외 1', '타이피스트 · 부스 A702', '타이피스트의 부스입니다. 부스 번호 A702. 분야: 예술, 문학. 현장에서 신간 전시와 굿즈, 사인회를 만나볼 수 있어요. 2026 서울국제도서전 참가사입니다.', '[]'::jsonb, null, null, 'http://www.instagram.com/typistpress', '["art"]'::jsonb, 220, 2736, 50, '2026-01-05T00:00:00.000Z'),
  ('b_a703', 'exh_sibf_2026', 'hall_a', 'cat_humanities', 'A703', '사단법인 한국대학출판협회', '총류 외 2', '사단법인 한국대학출판협회 · 부스 A703', '사단법인 한국대학출판협회의 부스입니다. 부스 번호 A703. 분야: 총류, 사회과학, 언어. 현장에서 신간 전시와 굿즈, 사인회를 만나볼 수 있어요. 2026 서울국제도서전 참가사입니다.', '[]'::jsonb, null, null, 'http://akup.co.kr', '["humanities"]'::jsonb, 220, 2678, 50, '2026-01-05T00:00:00.000Z'),
  ('b_a704', 'exh_sibf_2026', 'hall_a', 'cat_humanities', 'A704', '도서출판 북극곰', '총류 외 2', '도서출판 북극곰 · 부스 A704', '도서출판 북극곰의 부스입니다. 부스 번호 A704. 분야: 총류, 문학, 아동. 현장에서 신간 전시와 굿즈, 사인회를 만나볼 수 있어요. 2026 서울국제도서전 참가사입니다.', '[]'::jsonb, null, null, 'http://www.bookgoodcome.com', '["humanities"]'::jsonb, 220, 2622, 50, '2026-01-05T00:00:00.000Z'),
  ('b_a705', 'exh_sibf_2026', 'hall_a', 'cat_children', 'A705', '국민서관', '아동', '국민서관 · 부스 A705', '국민서관의 부스입니다. 부스 번호 A705. 분야: 아동. 현장에서 신간 전시와 굿즈, 사인회를 만나볼 수 있어요. 2026 서울국제도서전 참가사입니다.', '[]'::jsonb, null, null, 'https://www.instagram.com/kookminbooks/', '["children"]'::jsonb, 346, 2792, 50, '2026-01-05T00:00:00.000Z'),
  ('b_a706', 'exh_sibf_2026', 'hall_a', 'cat_humanities', 'A706', '주식회사 성안당', '총류 외 14', '주식회사 성안당 · 부스 A706', '주식회사 성안당의 부스입니다. 부스 번호 A706. 분야: 총류, 철학, 종교, 사회과학, 순수과학, 기술과학, 공공기관, 예술, 언어, 문학, 역사, 아동, 학습참고서, 전자출판, 기타. 현장에서 신간 전시와 굿즈, 사인회를 만나볼 수 있어요. 2026 서울국제도서전 참가사입니다.', '[]'::jsonb, null, null, 'https://www.cyber.co.kr/book/', '["humanities"]'::jsonb, 346, 2707, 50, '2026-01-05T00:00:00.000Z'),
  ('b_a707', 'exh_sibf_2026', 'hall_a', 'cat_lit', 'A707', '책읽는고양이', '문학 외 2', '책읽는고양이 · 부스 A707', '책읽는고양이의 부스입니다. 부스 번호 A707. 분야: 문학, 역사, 기타(인문). 현장에서 신간 전시와 굿즈, 사인회를 만나볼 수 있어요. 2026 서울국제도서전 참가사입니다.', '[]'::jsonb, null, null, 'http://risu.co.kr', '["lit"]'::jsonb, 346, 2622, 50, '2026-01-05T00:00:00.000Z'),
  ('b_a708', 'exh_sibf_2026', 'hall_a', 'cat_lit', 'A708', '소미미디어', '문학 외 3', '소미미디어 · 부스 A708', '소미미디어의 부스입니다. 부스 번호 A708. 분야: 문학, 전자출판, 기타(웹툰, 만화). 현장에서 신간 전시와 굿즈, 사인회를 만나볼 수 있어요. 2026 서울국제도서전 참가사입니다.', '[]'::jsonb, null, null, 'https://blog.naver.com/somybooks', '["lit"]'::jsonb, 402, 2764, 50, '2026-01-05T00:00:00.000Z'),
  ('b_a709', 'exh_sibf_2026', 'hall_a', 'cat_children', 'A709', '키큰도토리 외 1', '아동', '키큰도토리 외 1 · 부스 A709', '키큰도토리 외 1의 부스입니다. 부스 번호 A709. 분야: 아동. 현장에서 신간 전시와 굿즈, 사인회를 만나볼 수 있어요. 2026 서울국제도서전 참가사입니다.', '[]'::jsonb, null, null, 'http://kkdotori.com/', '["children"]'::jsonb, 402, 2650, 50, '2026-01-05T00:00:00.000Z'),
  ('b_a801', 'exh_sibf_2026', 'hall_a', 'cat_humanities', 'A801', '해피북미디어 외 6', '총류 외 2', '해피북미디어 외 6 · 부스 A801', '해피북미디어 외 6의 부스입니다. 부스 번호 A801. 분야: 총류, 예술, 문학. 현장에서 신간 전시와 굿즈, 사인회를 만나볼 수 있어요. 2026 서울국제도서전 참가사입니다.', '[]'::jsonb, null, null, 'https://www.instagram.com/happybook_media/', '["humanities"]'::jsonb, 536, 2764, 50, '2026-01-05T00:00:00.000Z'),
  ('b_a802', 'exh_sibf_2026', 'hall_a', 'cat_art', 'A802', '주식회사 소원나무', '예술 외 2', '주식회사 소원나무 · 부스 A802', '주식회사 소원나무의 부스입니다. 부스 번호 A802. 분야: 예술, 문학, 아동. 현장에서 신간 전시와 굿즈, 사인회를 만나볼 수 있어요. 2026 서울국제도서전 참가사입니다.', '[]'::jsonb, null, null, 'https://www.sowonnamu.co.kr', '["art"]'::jsonb, 536, 2650, 50, '2026-01-05T00:00:00.000Z'),
  ('b_a803', 'exh_sibf_2026', 'hall_a', 'cat_humanities', 'A803', '뜨인돌출판', '총류 외 14', '뜨인돌출판 · 부스 A803', '뜨인돌출판의 부스입니다. 부스 번호 A803. 분야: 총류, 철학, 종교, 사회과학, 순수과학, 기술과학, 공공기관, 예술, 언어, 문학, 역사, 아동, 학습참고서, 전자출판, 기타. 현장에서 신간 전시와 굿즈, 사인회를 만나볼 수 있어요. 2026 서울국제도서전 참가사입니다.', '[]'::jsonb, null, null, 'http://www.ddstone.com', '["humanities"]'::jsonb, 594, 2764, 50, '2026-01-05T00:00:00.000Z'),
  ('b_a804', 'exh_sibf_2026', 'hall_a', 'cat_children', 'A804', '밝은미래', '아동', '밝은미래 · 부스 A804', '밝은미래의 부스입니다. 부스 번호 A804. 분야: 아동. 현장에서 신간 전시와 굿즈, 사인회를 만나볼 수 있어요. 2026 서울국제도서전 참가사입니다.', '[]'::jsonb, null, null, 'http://www.bmirae.com', '["children"]'::jsonb, 594, 2650, 50, '2026-01-05T00:00:00.000Z'),
  ('b_a805', 'exh_sibf_2026', 'hall_a', 'cat_humanities', 'A805', '도서출판 동녘', '철학 외 2', '도서출판 동녘 · 부스 A805', '도서출판 동녘의 부스입니다. 부스 번호 A805. 분야: 철학, 사회과학, 아동. 현장에서 신간 전시와 굿즈, 사인회를 만나볼 수 있어요. 2026 서울국제도서전 참가사입니다.', '[]'::jsonb, null, null, 'https://www.dongnyok.com/', '["humanities"]'::jsonb, 720, 2764, 50, '2026-01-05T00:00:00.000Z'),
  ('b_a806', 'exh_sibf_2026', 'hall_a', 'cat_humanities', 'A806', '클레이하우스 주식회사', '총류 외 14', '클레이하우스 주식회사 · 부스 A806', '클레이하우스 주식회사의 부스입니다. 부스 번호 A806. 분야: 총류, 철학, 종교, 사회과학, 순수과학, 기술과학, 공공기관, 예술, 언어, 문학, 역사, 아동, 학습참고서, 전자출판, 기타. 현장에서 신간 전시와 굿즈, 사인회를 만나볼 수 있어요. 2026 서울국제도서전 참가사입니다.', '[]'::jsonb, null, null, 'https://clayhouse.kr', '["humanities"]'::jsonb, 720, 2650, 50, '2026-01-05T00:00:00.000Z'),
  ('b_a807', 'exh_sibf_2026', 'hall_a', 'cat_science', 'A807', '프리즘오브 외 1', '사회과학 외 1', '프리즘오브 외 1 · 부스 A807', '프리즘오브 외 1의 부스입니다. 부스 번호 A807. 분야: 사회과학, 예술. 현장에서 신간 전시와 굿즈, 사인회를 만나볼 수 있어요. 2026 서울국제도서전 참가사입니다.', '[]'::jsonb, null, null, 'https://www.instagram.com/prismof_magazine', '["science"]'::jsonb, 776, 2764, 50, '2026-01-05T00:00:00.000Z'),
  ('b_a808', 'exh_sibf_2026', 'hall_a', 'cat_humanities', 'A808', '진선출판사', '총류 외 14', '진선출판사 · 부스 A808', '진선출판사의 부스입니다. 부스 번호 A808. 분야: 총류, 철학, 종교, 사회과학, 순수과학, 기술과학, 공공기관, 예술, 언어, 문학, 역사, 아동, 학습참고서, 전자출판, 기타. 현장에서 신간 전시와 굿즈, 사인회를 만나볼 수 있어요. 2026 서울국제도서전 참가사입니다.', '[]'::jsonb, null, null, 'http://www.jinsun.co.kr', '["humanities"]'::jsonb, 776, 2650, 50, '2026-01-05T00:00:00.000Z'),
  ('b_a901', 'exh_sibf_2026', 'hall_a', 'cat_humanities', 'A901', '윌북', '총류 외 14', '윌북 · 부스 A901', '윌북의 부스입니다. 부스 번호 A901. 분야: 총류, 철학, 종교, 사회과학, 순수과학, 기술과학, 공공기관, 예술, 언어, 문학, 역사, 아동, 학습참고서, 전자출판, 기타. 현장에서 신간 전시와 굿즈, 사인회를 만나볼 수 있어요. 2026 서울국제도서전 참가사입니다.', '[]'::jsonb, null, null, 'http://willbookspub.com', '["humanities"]'::jsonb, 939, 2764, 50, '2026-01-05T00:00:00.000Z'),
  ('b_a902', 'exh_sibf_2026', 'hall_a', 'cat_humanities', 'A902', '더중앙플러스', '총류 외 14', '더중앙플러스 · 부스 A902', '더중앙플러스의 부스입니다. 부스 번호 A902. 분야: 총류, 철학, 종교, 사회과학, 순수과학, 기술과학, 공공기관, 예술, 언어, 문학, 역사, 아동, 학습참고서, 전자출판, 기타. 현장에서 신간 전시와 굿즈, 사인회를 만나볼 수 있어요. 2026 서울국제도서전 참가사입니다.', '[]'::jsonb, null, null, 'https://www.joongang.co.kr/', '["humanities"]'::jsonb, 939, 2650, 50, '2026-01-05T00:00:00.000Z'),
  ('b_a903', 'exh_sibf_2026', 'hall_a', 'cat_science', 'A903', '동아시아·허블', '사회과학 외 2', '동아시아·허블 · 부스 A903', '동아시아·허블의 부스입니다. 부스 번호 A903. 분야: 사회과학, 순수과학, 문학. 현장에서 신간 전시와 굿즈, 사인회를 만나볼 수 있어요. 2026 서울국제도서전 참가사입니다.', '[]'::jsonb, null, null, 'https://www.instagram.com/dongasiabook/', '["science"]'::jsonb, 1122, 2707, 50, '2026-01-05T00:00:00.000Z'),
  ('b_a1001', 'exh_sibf_2026', 'hall_a', 'cat_science', 'A1001', '평산책방 외 1', '사회과학 외 2', '평산책방 외 1 · 부스 A1001', '평산책방 외 1의 부스입니다. 부스 번호 A1001. 분야: 사회과학, 문학, 아동. 현장에서 신간 전시와 굿즈, 사인회를 만나볼 수 있어요. 2026 서울국제도서전 참가사입니다.', '[]'::jsonb, null, null, 'http://www.psbooks.kr', '["science"]'::jsonb, 1318, 2707, 50, '2026-01-05T00:00:00.000Z'),
  ('b_a1002', 'exh_sibf_2026', 'hall_a', 'cat_humanities', 'A1002', '재단법인 아모레퍼시픽재단', '기타(인문 외 3', '재단법인 아모레퍼시픽재단 · 부스 A1002', '재단법인 아모레퍼시픽재단의 부스입니다. 부스 번호 A1002. 분야: 기타(인문, 자연, 과학, 예술 분야에 대한 출판 지원). 현장에서 신간 전시와 굿즈, 사인회를 만나볼 수 있어요. 2026 서울국제도서전 참가사입니다.', '[]'::jsonb, null, null, 'https://ascf.amorepacific.co.kr/', '["humanities"]'::jsonb, 1501, 2707, 50, '2026-01-05T00:00:00.000Z'),
  ('b_a1101', 'exh_sibf_2026', 'hall_a', 'cat_lit', 'A1101', '황금가지 외 1', '문학', '황금가지 외 1 · 부스 A1101', '황금가지 외 1의 부스입니다. 부스 번호 A1101. 분야: 문학. 현장에서 신간 전시와 굿즈, 사인회를 만나볼 수 있어요. 2026 서울국제도서전 참가사입니다.', '[]'::jsonb, null, null, 'https://goldenbough.minumsa.com/', '["lit"]'::jsonb, 1722, 2707, 50, '2026-01-05T00:00:00.000Z'),
  ('b_a1102', 'exh_sibf_2026', 'hall_a', 'cat_general', 'A1102', '윌라스토리 외 2', '기타(웹소설)', '윌라스토리 외 2 · 부스 A1102', '윌라스토리 외 2의 부스입니다. 부스 번호 A1102. 분야: 기타(웹소설). 현장에서 신간 전시와 굿즈, 사인회를 만나볼 수 있어요. 2026 서울국제도서전 참가사입니다.', '[]'::jsonb, null, null, 'https://story.welaaa.com/', '["general"]'::jsonb, 1956, 2707, 50, '2026-01-05T00:00:00.000Z'),
  ('b_a1103', 'exh_sibf_2026', 'hall_a', 'cat_humanities', 'A1103', '신한은행 외 1', '총류', '신한은행 외 1 · 부스 A1103', '신한은행 외 1의 부스입니다. 부스 번호 A1103. 분야: 총류. 현장에서 신간 전시와 굿즈, 사인회를 만나볼 수 있어요. 2026 서울국제도서전 참가사입니다.', '[]'::jsonb, null, null, 'http://www.shinhanbank.com', '["humanities"]'::jsonb, 2190, 2707, 50, '2026-01-05T00:00:00.000Z'),
  ('b_a1201', 'exh_sibf_2026', 'hall_a', 'cat_humanities', 'A1201', 'THE GRAYHAWK AGENCY 외 11', '총류 외 14', 'THE GRAYHAWK AGENCY 외 11 · 부스 A1201', 'THE GRAYHAWK AGENCY 외 11의 부스입니다. 부스 번호 A1201. 분야: 총류, 철학, 종교, 사회과학, 순수과학, 기술과학, 공공기관, 예술, 언어, 문학, 역사, 아동, 학습참고서, 전자출판, 기타. 현장에서 신간 전시와 굿즈, 사인회를 만나볼 수 있어요. 2026 서울국제도서전 참가사입니다.', '[]'::jsonb, null, null, 'https://www.publishersmarketplace.com/members/Grayhawk/', '["humanities"]'::jsonb, 2432, 2707, 50, '2026-01-05T00:00:00.000Z'),
  ('b_a1202', 'exh_sibf_2026', 'hall_a', 'cat_humanities', 'A1202', '라이터 소울 태국 외 15', '총류 외 14', '라이터 소울 태국 외 15 · 부스 A1202', '라이터 소울 태국 외 15의 부스입니다. 부스 번호 A1202. 분야: 총류, 철학, 종교, 사회과학, 순수과학, 기술과학, 공공기관, 예술, 언어, 문학, 역사, 아동, 학습참고서, 전자출판, 기타. 현장에서 신간 전시와 굿즈, 사인회를 만나볼 수 있어요. 2026 서울국제도서전 참가사입니다.', '[]'::jsonb, null, null, 'http://Writersoulthailand.com', '["humanities"]'::jsonb, 2641, 2707, 50, '2026-01-05T00:00:00.000Z'),
  ('b_a1203', 'exh_sibf_2026', 'hall_a', 'cat_humanities', 'A1203', 'EC Publishing LLC', '총류 외 4', 'EC Publishing LLC · 부스 A1203', 'EC Publishing LLC의 부스입니다. 부스 번호 A1203. 분야: 총류, 종교, 문학, 아동, 전자출판. 현장에서 신간 전시와 굿즈, 사인회를 만나볼 수 있어요. 2026 서울국제도서전 참가사입니다.', '[]'::jsonb, null, null, 'http://www.ecpublishingllc.com', '["humanities"]'::jsonb, 2796, 2792, 50, '2026-01-05T00:00:00.000Z'),
  ('b_a1204', 'exh_sibf_2026', 'hall_a', 'cat_humanities', 'A1204', 'Studio of Books LLC', '총류 외 6', 'Studio of Books LLC · 부스 A1204', 'Studio of Books LLC의 부스입니다. 부스 번호 A1204. 분야: 총류, 종교, 순수과학, 문학, 역사, 아동, 기타. 현장에서 신간 전시와 굿즈, 사인회를 만나볼 수 있어요. 2026 서울국제도서전 참가사입니다.', '[]'::jsonb, null, null, 'http://studioofbooks.org', '["humanities"]'::jsonb, 2796, 2736, 50, '2026-01-05T00:00:00.000Z'),
  ('b_a1205', 'exh_sibf_2026', 'hall_a', 'cat_humanities', 'A1205', '퀴퍼 프린츠', '총류 외 14', '퀴퍼 프린츠 · 부스 A1205', '퀴퍼 프린츠의 부스입니다. 부스 번호 A1205. 분야: 총류, 철학, 종교, 사회과학, 순수과학, 기술과학, 공공기관, 예술, 언어, 문학, 역사, 아동, 학습참고서, 전자출판, 기타. 현장에서 신간 전시와 굿즈, 사인회를 만나볼 수 있어요. 2026 서울국제도서전 참가사입니다.', '[]'::jsonb, null, null, 'http://www.quipperprints.com', '["humanities"]'::jsonb, 2796, 2678, 50, '2026-01-05T00:00:00.000Z'),
  ('b_a1206', 'exh_sibf_2026', 'hall_a', 'cat_lit', 'A1206', 'Recrea Libros 외 3', '문학 외 1', 'Recrea Libros 외 3 · 부스 A1206', 'Recrea Libros 외 3의 부스입니다. 부스 번호 A1206. 분야: 문학, 아동. 현장에서 신간 전시와 굿즈, 사인회를 만나볼 수 있어요. 2026 서울국제도서전 참가사입니다.', '[]'::jsonb, null, null, 'http://www.recrealibros.cl', '["lit"]'::jsonb, 2796, 2622, 50, '2026-01-05T00:00:00.000Z'),
  ('b_a1207', 'exh_sibf_2026', 'hall_a', 'cat_lit', 'A1207', '연변대학출판사 외 2', '문학 외 4', '연변대학출판사 외 2 · 부스 A1207', '연변대학출판사 외 2의 부스입니다. 부스 번호 A1207. 분야: 문학, 아동, 학습참고서, 전자출판, 기타. 현장에서 신간 전시와 굿즈, 사인회를 만나볼 수 있어요. 2026 서울국제도서전 참가사입니다.', '[]'::jsonb, null, null, 'http://www.ydcbs.com/', '["lit"]'::jsonb, 2796, 2564, 50, '2026-01-05T00:00:00.000Z'),
  ('b_a1301', 'exh_sibf_2026', 'hall_a', 'cat_art', 'A1301', '엣눈북스', '예술 외 1', '엣눈북스 · 부스 A1301', '엣눈북스의 부스입니다. 부스 번호 A1301. 분야: 예술, 문학. 현장에서 신간 전시와 굿즈, 사인회를 만나볼 수 있어요. 2026 서울국제도서전 참가사입니다.', '[]'::jsonb, null, null, 'http://www.atnoonbooks.net', '["art"]'::jsonb, 220, 2478, 50, '2026-01-05T00:00:00.000Z'),
  ('b_a1302', 'exh_sibf_2026', 'hall_a', 'cat_science', 'A1302', '서사원 주식회사', '사회과학 외 2', '서사원 주식회사 · 부스 A1302', '서사원 주식회사의 부스입니다. 부스 번호 A1302. 분야: 사회과학, 기술과학, 문학. 현장에서 신간 전시와 굿즈, 사인회를 만나볼 수 있어요. 2026 서울국제도서전 참가사입니다.', '[]'::jsonb, null, null, 'https://seosawonbooks.com/', '["science"]'::jsonb, 220, 2420, 50, '2026-01-05T00:00:00.000Z'),
  ('b_a1303', 'exh_sibf_2026', 'hall_a', 'cat_art', 'A1303', '프란츠', '예술 외 1', '프란츠 · 부스 A1303', '프란츠의 부스입니다. 부스 번호 A1303. 분야: 예술, 문학. 현장에서 신간 전시와 굿즈, 사인회를 만나볼 수 있어요. 2026 서울국제도서전 참가사입니다.', '[]'::jsonb, null, null, 'http://franz.kr', '["art"]'::jsonb, 220, 2364, 50, '2026-01-05T00:00:00.000Z'),
  ('b_a1304', 'exh_sibf_2026', 'hall_a', 'cat_general', 'A1304', '귤프레스', '기타(만화)', '귤프레스 · 부스 A1304', '귤프레스의 부스입니다. 부스 번호 A1304. 분야: 기타(만화). 현장에서 신간 전시와 굿즈, 사인회를 만나볼 수 있어요. 2026 서울국제도서전 참가사입니다.', '[]'::jsonb, null, null, 'https://www.instagram.com/guulpress/', '["general"]'::jsonb, 220, 2306, 50, '2026-01-05T00:00:00.000Z'),
  ('b_a1305', 'exh_sibf_2026', 'hall_a', 'cat_humanities', 'A1305', '고요한소리', '종교', '고요한소리 · 부스 A1305', '고요한소리의 부스입니다. 부스 번호 A1305. 분야: 종교. 현장에서 신간 전시와 굿즈, 사인회를 만나볼 수 있어요. 2026 서울국제도서전 참가사입니다.', '[]'::jsonb, null, null, 'http://www.calmvoice.org/', '["humanities"]'::jsonb, 346, 2478, 50, '2026-01-05T00:00:00.000Z'),
  ('b_a1306', 'exh_sibf_2026', 'hall_a', 'cat_children', 'A1306', '쿵프레스', '아동', '쿵프레스 · 부스 A1306', '쿵프레스의 부스입니다. 부스 번호 A1306. 분야: 아동. 현장에서 신간 전시와 굿즈, 사인회를 만나볼 수 있어요. 2026 서울국제도서전 참가사입니다.', '[]'::jsonb, null, null, 'http://koongpress.com', '["children"]'::jsonb, 346, 2420, 50, '2026-01-05T00:00:00.000Z'),
  ('b_a1307', 'exh_sibf_2026', 'hall_a', 'cat_children', 'A1307', '한림출판사', '아동', '한림출판사 · 부스 A1307', '한림출판사의 부스입니다. 부스 번호 A1307. 분야: 아동. 현장에서 신간 전시와 굿즈, 사인회를 만나볼 수 있어요. 2026 서울국제도서전 참가사입니다.', '[]'::jsonb, null, null, 'https://www.hollym.co.kr', '["children"]'::jsonb, 346, 2364, 50, '2026-01-05T00:00:00.000Z'),
  ('b_a1308', 'exh_sibf_2026', 'hall_a', 'cat_art', 'A1308', '비플랫폼 외 1', '예술', '비플랫폼 외 1 · 부스 A1308', '비플랫폼 외 1의 부스입니다. 부스 번호 A1308. 분야: 예술. 현장에서 신간 전시와 굿즈, 사인회를 만나볼 수 있어요. 2026 서울국제도서전 참가사입니다.', '[]'::jsonb, null, null, 'https://www.instagram.com/bplatform/', '["art"]'::jsonb, 346, 2306, 50, '2026-01-05T00:00:00.000Z'),
  ('b_a1309', 'exh_sibf_2026', 'hall_a', 'cat_humanities', 'A1309', '(주)불광미디어', '철학 외 2', '(주)불광미디어 · 부스 A1309', '(주)불광미디어의 부스입니다. 부스 번호 A1309. 분야: 철학, 종교, 아동. 현장에서 신간 전시와 굿즈, 사인회를 만나볼 수 있어요. 2026 서울국제도서전 참가사입니다.', '[]'::jsonb, null, null, 'http://www.bulkwang.co.kr', '["humanities"]'::jsonb, 402, 2449, 50, '2026-01-05T00:00:00.000Z'),
  ('b_a1310', 'exh_sibf_2026', 'hall_a', 'cat_humanities', 'A1310', '라의눈주식회사', '총류 외 2', '라의눈주식회사 · 부스 A1310', '라의눈주식회사의 부스입니다. 부스 번호 A1310. 분야: 총류, 사회과학, 예술. 현장에서 신간 전시와 굿즈, 사인회를 만나볼 수 있어요. 2026 서울국제도서전 참가사입니다.', '[]'::jsonb, null, null, 'http://blog.naver.com/eye_of_ra', '["humanities"]'::jsonb, 402, 2364, 50, '2026-01-05T00:00:00.000Z'),
  ('b_a1311', 'exh_sibf_2026', 'hall_a', 'cat_art', 'A1311', '유어마인드', '예술', '유어마인드 · 부스 A1311', '유어마인드의 부스입니다. 부스 번호 A1311. 분야: 예술. 현장에서 신간 전시와 굿즈, 사인회를 만나볼 수 있어요. 2026 서울국제도서전 참가사입니다.', '[]'::jsonb, null, null, 'https://your-mind.com/', '["art"]'::jsonb, 402, 2306, 50, '2026-01-05T00:00:00.000Z'),
  ('b_a1401', 'exh_sibf_2026', 'hall_a', 'cat_children', 'A1401', '이룸아이', '아동', '이룸아이 · 부스 A1401', '이룸아이의 부스입니다. 부스 번호 A1401. 분야: 아동. 현장에서 신간 전시와 굿즈, 사인회를 만나볼 수 있어요. 2026 서울국제도서전 참가사입니다.', '[]'::jsonb, null, null, 'http://www.eribook.com', '["children"]'::jsonb, 536, 2478, 50, '2026-01-05T00:00:00.000Z'),
  ('b_a1402', 'exh_sibf_2026', 'hall_a', 'cat_science', 'A1402', '펜타클', '사회과학 외 2', '펜타클 · 부스 A1402', '펜타클의 부스입니다. 부스 번호 A1402. 분야: 사회과학, 문학, 역사. 현장에서 신간 전시와 굿즈, 사인회를 만나볼 수 있어요. 2026 서울국제도서전 참가사입니다.', '[]'::jsonb, null, null, 'https://www.instagram.com/pentaclebooks/', '["science"]'::jsonb, 536, 2420, 50, '2026-01-05T00:00:00.000Z'),
  ('b_a1403', 'exh_sibf_2026', 'hall_a', 'cat_children', 'A1403', '마음모자', '아동', '마음모자 · 부스 A1403', '마음모자의 부스입니다. 부스 번호 A1403. 분야: 아동. 현장에서 신간 전시와 굿즈, 사인회를 만나볼 수 있어요. 2026 서울국제도서전 참가사입니다.', '[]'::jsonb, null, null, 'http://maummoja.com', '["children"]'::jsonb, 536, 2364, 50, '2026-01-05T00:00:00.000Z'),
  ('b_a1404', 'exh_sibf_2026', 'hall_a', 'cat_children', 'A1404', '스토리보울', '아동', '스토리보울 · 부스 A1404', '스토리보울의 부스입니다. 부스 번호 A1404. 분야: 아동. 현장에서 신간 전시와 굿즈, 사인회를 만나볼 수 있어요. 2026 서울국제도서전 참가사입니다.', '[]'::jsonb, null, null, 'http://www.storybowl.com', '["children"]'::jsonb, 536, 2306, 50, '2026-01-05T00:00:00.000Z'),
  ('b_a1405', 'exh_sibf_2026', 'hall_a', 'cat_humanities', 'A1405', '지우 외 5', '종교', '지우 외 5 · 부스 A1405', '지우 외 5의 부스입니다. 부스 번호 A1405. 분야: 종교. 현장에서 신간 전시와 굿즈, 사인회를 만나볼 수 있어요. 2026 서울국제도서전 참가사입니다.', '[]'::jsonb, null, null, 'http://www.instagram.com/jiwoopub/ www.youtube.com/@jiwoopub', '["humanities"]'::jsonb, 594, 2449, 50, '2026-01-05T00:00:00.000Z'),
  ('b_a1406', 'exh_sibf_2026', 'hall_a', 'cat_humanities', 'A1406', '템북 외 7', '종교 외 2', '템북 외 7 · 부스 A1406', '템북 외 7의 부스입니다. 부스 번호 A1406. 분야: 종교, 문학, 아동. 현장에서 신간 전시와 굿즈, 사인회를 만나볼 수 있어요. 2026 서울국제도서전 참가사입니다.', '[]'::jsonb, null, null, 'http://tembook.kr', '["humanities"]'::jsonb, 594, 2335, 50, '2026-01-05T00:00:00.000Z'),
  ('b_a1407', 'exh_sibf_2026', 'hall_a', 'cat_lit', 'A1407', '아작', '문학', '아작 · 부스 A1407', '아작의 부스입니다. 부스 번호 A1407. 분야: 문학. 현장에서 신간 전시와 굿즈, 사인회를 만나볼 수 있어요. 2026 서울국제도서전 참가사입니다.', '[]'::jsonb, null, null, 'http://arzak.co.kr', '["lit"]'::jsonb, 720, 2449, 50, '2026-01-05T00:00:00.000Z'),
  ('b_a1408', 'exh_sibf_2026', 'hall_a', 'cat_lit', 'A1408', '(주)이퍼블릭 코리아', '문학 외 1', '(주)이퍼블릭 코리아 · 부스 A1408', '(주)이퍼블릭 코리아의 부스입니다. 부스 번호 A1408. 분야: 문학, 아동. 현장에서 신간 전시와 굿즈, 사인회를 만나볼 수 있어요. 2026 서울국제도서전 참가사입니다.', '[]'::jsonb, null, null, null, '["lit"]'::jsonb, 720, 2335, 50, '2026-01-05T00:00:00.000Z'),
  ('b_a1409', 'exh_sibf_2026', 'hall_a', 'cat_children', 'A1409', '도서출판 키다리', '아동', '도서출판 키다리 · 부스 A1409', '도서출판 키다리의 부스입니다. 부스 번호 A1409. 분야: 아동. 현장에서 신간 전시와 굿즈, 사인회를 만나볼 수 있어요. 2026 서울국제도서전 참가사입니다.', '[]'::jsonb, null, null, 'https://www.kidaribook.kr/', '["children"]'::jsonb, 776, 2449, 50, '2026-01-05T00:00:00.000Z'),
  ('b_a1410', 'exh_sibf_2026', 'hall_a', 'cat_art', 'A1410', '혜화1117 외 4', '예술 외 1', '혜화1117 외 4 · 부스 A1410', '혜화1117 외 4의 부스입니다. 부스 번호 A1410. 분야: 예술, 기타(인문교양). 현장에서 신간 전시와 굿즈, 사인회를 만나볼 수 있어요. 2026 서울국제도서전 참가사입니다.', '[]'::jsonb, null, null, 'http://www.instagram.com/hyehwa1117', '["art"]'::jsonb, 776, 2335, 50, '2026-01-05T00:00:00.000Z'),
  ('b_a1501', 'exh_sibf_2026', 'hall_a', 'cat_humanities', 'A1501', '시공사', '총류 외 14', '시공사 · 부스 A1501', '시공사의 부스입니다. 부스 번호 A1501. 분야: 총류, 철학, 종교, 사회과학, 순수과학, 기술과학, 공공기관, 예술, 언어, 문학, 역사, 아동, 학습참고서, 전자출판, 기타. 현장에서 신간 전시와 굿즈, 사인회를 만나볼 수 있어요. 2026 서울국제도서전 참가사입니다.', '[]'::jsonb, null, null, 'https://www.sigongsa.com', '["humanities"]'::jsonb, 939, 2449, 50, '2026-01-05T00:00:00.000Z'),
  ('b_a1502', 'exh_sibf_2026', 'hall_a', 'cat_humanities', 'A1502', '전국동네책방네트워크', '총류 외 14', '전국동네책방네트워크 · 부스 A1502', '전국동네책방네트워크의 부스입니다. 부스 번호 A1502. 분야: 총류, 철학, 종교, 사회과학, 순수과학, 기술과학, 공공기관, 예술, 언어, 문학, 역사, 아동, 학습참고서, 전자출판, 기타. 현장에서 신간 전시와 굿즈, 사인회를 만나볼 수 있어요. 2026 서울국제도서전 참가사입니다.', '[]'::jsonb, null, null, 'https://www.instagram.com/chaegbangnet/', '["humanities"]'::jsonb, 939, 2335, 50, '2026-01-05T00:00:00.000Z'),
  ('b_a1503', 'exh_sibf_2026', 'hall_a', 'cat_general', 'A1503', '허스트중앙유한회사', '기타(매거진)', '허스트중앙유한회사 · 부스 A1503', '허스트중앙유한회사의 부스입니다. 부스 번호 A1503. 분야: 기타(매거진). 현장에서 신간 전시와 굿즈, 사인회를 만나볼 수 있어요. 2026 서울국제도서전 참가사입니다.', '[]'::jsonb, null, null, 'https://www.elle.co.kr/', '["general"]'::jsonb, 1122, 2392, 50, '2026-01-05T00:00:00.000Z'),
  ('b_a1601', 'exh_sibf_2026', 'hall_a', 'cat_humanities', 'A1601', '(주)열린책들', '총류 외 14', '(주)열린책들 · 부스 A1601', '(주)열린책들의 부스입니다. 부스 번호 A1601. 분야: 총류, 철학, 종교, 사회과학, 순수과학, 기술과학, 공공기관, 예술, 언어, 문학, 역사, 아동, 학습참고서, 전자출판, 기타. 현장에서 신간 전시와 굿즈, 사인회를 만나볼 수 있어요. 2026 서울국제도서전 참가사입니다.', '[]'::jsonb, null, null, 'http://www.openbooks.co.kr', '["humanities"]'::jsonb, 1318, 2392, 50, '2026-01-05T00:00:00.000Z'),
  ('b_a1602', 'exh_sibf_2026', 'hall_a', 'cat_humanities', 'A1602', '(주)오팬하우스', '총류 외 14', '(주)오팬하우스 · 부스 A1602', '(주)오팬하우스의 부스입니다. 부스 번호 A1602. 분야: 총류, 철학, 종교, 사회과학, 순수과학, 기술과학, 공공기관, 예술, 언어, 문학, 역사, 아동, 학습참고서, 전자출판, 기타. 현장에서 신간 전시와 굿즈, 사인회를 만나볼 수 있어요. 2026 서울국제도서전 참가사입니다.', '[]'::jsonb, null, null, 'https://www.ofanhouse.com/', '["humanities"]'::jsonb, 1501, 2392, 50, '2026-01-05T00:00:00.000Z'),
  ('b_a1701', 'exh_sibf_2026', 'hall_a', 'cat_general', 'A1701', '교보생명 서재 외 1', '기타', '교보생명 서재 외 1 · 부스 A1701', '교보생명 서재 외 1의 부스입니다. 부스 번호 A1701. 분야: 기타. 현장에서 신간 전시와 굿즈, 사인회를 만나볼 수 있어요. 2026 서울국제도서전 참가사입니다.', '[]'::jsonb, null, null, 'https://www.kyobo.com/', '["general"]'::jsonb, 1722, 2392, 50, '2026-01-05T00:00:00.000Z'),
  ('b_a1702', 'exh_sibf_2026', 'hall_a', 'cat_humanities', 'A1702', '주식회사 케이티밀리의서재', '총류 외 14', '주식회사 케이티밀리의서재 · 부스 A1702', '주식회사 케이티밀리의서재의 부스입니다. 부스 번호 A1702. 분야: 총류, 철학, 종교, 사회과학, 순수과학, 기술과학, 공공기관, 예술, 언어, 문학, 역사, 아동, 학습참고서, 전자출판, 기타. 현장에서 신간 전시와 굿즈, 사인회를 만나볼 수 있어요. 2026 서울국제도서전 참가사입니다.', '[]'::jsonb, null, null, 'https://www.millie.co.kr/v3/brand', '["humanities"]'::jsonb, 1956, 2392, 50, '2026-01-05T00:00:00.000Z'),
  ('b_a1703', 'exh_sibf_2026', 'hall_a', 'cat_humanities', 'A1703', '예스24', '총류 외 14', '예스24 · 부스 A1703', '예스24의 부스입니다. 부스 번호 A1703. 분야: 총류, 철학, 종교, 사회과학, 순수과학, 기술과학, 공공기관, 예술, 언어, 문학, 역사, 아동, 학습참고서, 전자출판, 기타. 현장에서 신간 전시와 굿즈, 사인회를 만나볼 수 있어요. 2026 서울국제도서전 참가사입니다.', '[]'::jsonb, null, null, 'https://www.yes24.com', '["humanities"]'::jsonb, 2190, 2392, 50, '2026-01-05T00:00:00.000Z'),
  ('b_a1801', 'exh_sibf_2026', 'hall_a', 'cat_humanities', 'A1801', 'University of Toronto Press 외 12', '철학 외 7', 'University of Toronto Press 외 12 · 부스 A1801', 'University of Toronto Press 외 12의 부스입니다. 부스 번호 A1801. 분야: 철학, 사회과학, 예술, 언어, 문학, 역사, 학습참고서, 기타. 현장에서 신간 전시와 굿즈, 사인회를 만나볼 수 있어요. 2026 서울국제도서전 참가사입니다.', '[]'::jsonb, null, null, 'http://www.utppublishing.com', '["humanities"]'::jsonb, 2457, 2449, 50, '2026-01-05T00:00:00.000Z'),
  ('b_a1802', 'exh_sibf_2026', 'hall_a', 'cat_humanities', 'A1802', '펭귄랜덤하우스 UK', '총류 외 14', '펭귄랜덤하우스 UK · 부스 A1802', '펭귄랜덤하우스 UK의 부스입니다. 부스 번호 A1802. 분야: 총류, 철학, 종교, 사회과학, 순수과학, 기술과학, 공공기관, 예술, 언어, 문학, 역사, 아동, 학습참고서, 전자출판, 기타. 현장에서 신간 전시와 굿즈, 사인회를 만나볼 수 있어요. 2026 서울국제도서전 참가사입니다.', '[]'::jsonb, null, null, 'http://www.penguin.co.uk', '["humanities"]'::jsonb, 2457, 2335, 50, '2026-01-05T00:00:00.000Z'),
  ('b_a1803', 'exh_sibf_2026', 'hall_a', 'cat_humanities', 'A1803', 'Ullstein Buchverlage GmbH 외 12', '총류 외 14', 'Ullstein Buchverlage GmbH 외 12 · 부스 A1803', 'Ullstein Buchverlage GmbH 외 12의 부스입니다. 부스 번호 A1803. 분야: 총류, 철학, 종교, 사회과학, 순수과학, 기술과학, 공공기관, 예술, 언어, 문학, 역사, 아동, 학습참고서, 전자출판, 기타. 현장에서 신간 전시와 굿즈, 사인회를 만나볼 수 있어요. 2026 서울국제도서전 참가사입니다.', '[]'::jsonb, null, null, 'http://www.ullstein.de', '["humanities"]'::jsonb, 2642, 2392, 50, '2026-01-05T00:00:00.000Z'),
  ('b_a1804', 'exh_sibf_2026', 'hall_a', 'cat_lit', 'A1804', 'YUEWEN|WebNovel', '문학 외 1', 'YUEWEN|WebNovel · 부스 A1804', 'YUEWEN|WebNovel의 부스입니다. 부스 번호 A1804. 분야: 문학, 전자출판. 현장에서 신간 전시와 굿즈, 사인회를 만나볼 수 있어요. 2026 서울국제도서전 참가사입니다.', '[]'::jsonb, null, null, 'http://www.yuewen.com/', '["lit"]'::jsonb, 2796, 2478, 50, '2026-01-05T00:00:00.000Z'),
  ('b_a1805', 'exh_sibf_2026', 'hall_a', 'cat_children', 'A1805', 'Beijiao Children Joy Education & Technology (Beijing) Co., Ltd.', '아동', 'Beijiao Children Joy Education & Technology (Beijing) Co., Ltd. · 부스 A1805', 'Beijiao Children Joy Education & Technology (Beijing) Co., Ltd.의 부스입니다. 부스 번호 A1805. 분야: 아동. 현장에서 신간 전시와 굿즈, 사인회를 만나볼 수 있어요. 2026 서울국제도서전 참가사입니다.', '[]'::jsonb, null, null, 'http://www.bjlankeke.com', '["children"]'::jsonb, 2796, 2420, 50, '2026-01-05T00:00:00.000Z'),
  ('b_a1806', 'exh_sibf_2026', 'hall_a', 'cat_humanities', 'A1806', 'Wells Hamilton Literary Consultants', '총류 외 14', 'Wells Hamilton Literary Consultants · 부스 A1806', 'Wells Hamilton Literary Consultants의 부스입니다. 부스 번호 A1806. 분야: 총류, 철학, 종교, 사회과학, 순수과학, 기술과학, 공공기관, 예술, 언어, 문학, 역사, 아동, 학습참고서, 전자출판, 기타. 현장에서 신간 전시와 굿즈, 사인회를 만나볼 수 있어요. 2026 서울국제도서전 참가사입니다.', '[]'::jsonb, null, null, 'http://www.wellshamilton.com', '["humanities"]'::jsonb, 2796, 2364, 50, '2026-01-05T00:00:00.000Z'),
  ('b_a1807', 'exh_sibf_2026', 'hall_a', 'cat_general', 'A1807', 'A1807', '', 'A1807 · 부스 A1807', 'A1807의 부스입니다. 부스 번호 A1807. 현장에서 신간 전시와 굿즈, 사인회를 만나볼 수 있어요. 2026 서울국제도서전 참가사입니다.', '[]'::jsonb, null, null, null, '["general"]'::jsonb, 2796, 2278, 50, '2026-01-05T00:00:00.000Z'),
  ('b_a1901', 'exh_sibf_2026', 'hall_a', 'cat_general', 'A1901', 'A1901', '', 'A1901 · 부스 A1901', 'A1901의 부스입니다. 부스 번호 A1901. 현장에서 신간 전시와 굿즈, 사인회를 만나볼 수 있어요. 2026 서울국제도서전 참가사입니다.', '[]'::jsonb, null, null, null, '["general"]'::jsonb, 252, 2077, 50, '2026-01-05T00:00:00.000Z'),
  ('b_a1902', 'exh_sibf_2026', 'hall_a', 'cat_general', 'A1902', 'A1902', '', 'A1902 · 부스 A1902', 'A1902의 부스입니다. 부스 번호 A1902. 현장에서 신간 전시와 굿즈, 사인회를 만나볼 수 있어요. 2026 서울국제도서전 참가사입니다.', '[]'::jsonb, null, null, null, '["general"]'::jsonb, 404, 2112, 50, '2026-01-05T00:00:00.000Z'),
  ('b_a1903', 'exh_sibf_2026', 'hall_a', 'cat_general', 'A1903', 'A1903', '', 'A1903 · 부스 A1903', 'A1903의 부스입니다. 부스 번호 A1903. 현장에서 신간 전시와 굿즈, 사인회를 만나볼 수 있어요. 2026 서울국제도서전 참가사입니다.', '[]'::jsonb, null, null, null, '["general"]'::jsonb, 410, 1992, 50, '2026-01-05T00:00:00.000Z'),
  ('b_a1904', 'exh_sibf_2026', 'hall_a', 'cat_humanities', 'A1904', '갈라파고스', '철학 외 2', '갈라파고스 · 부스 A1904', '갈라파고스의 부스입니다. 부스 번호 A1904. 분야: 철학, 사회과학, 역사. 현장에서 신간 전시와 굿즈, 사인회를 만나볼 수 있어요. 2026 서울국제도서전 참가사입니다.', '[]'::jsonb, null, null, 'https://galapagosp.com/', '["humanities"]'::jsonb, 468, 2162, 50, '2026-01-05T00:00:00.000Z'),
  ('b_a1905', 'exh_sibf_2026', 'hall_a', 'cat_humanities', 'A1905', '도서출판 들녘', '총류 외 14', '도서출판 들녘 · 부스 A1905', '도서출판 들녘의 부스입니다. 부스 번호 A1905. 분야: 총류, 철학, 종교, 사회과학, 순수과학, 기술과학, 공공기관, 예술, 언어, 문학, 역사, 아동, 학습참고서, 전자출판, 기타. 현장에서 신간 전시와 굿즈, 사인회를 만나볼 수 있어요. 2026 서울국제도서전 참가사입니다.', '[]'::jsonb, null, null, 'https://www.instagram.com/dulnyouk_pub/', '["humanities"]'::jsonb, 468, 2106, 50, '2026-01-05T00:00:00.000Z'),
  ('b_a1906', 'exh_sibf_2026', 'hall_a', 'cat_science', 'A1906', '원더박스', '사회과학 외 2', '원더박스 · 부스 A1906', '원더박스의 부스입니다. 부스 번호 A1906. 분야: 사회과학, 역사, 아동. 현장에서 신간 전시와 굿즈, 사인회를 만나볼 수 있어요. 2026 서울국제도서전 참가사입니다.', '[]'::jsonb, null, null, 'https://blog.naver.com/wonderbox13/', '["science"]'::jsonb, 468, 2048, 50, '2026-01-05T00:00:00.000Z'),
  ('b_a1907', 'exh_sibf_2026', 'hall_a', 'cat_humanities', 'A1907', '(주)크레용하우스', '총류 외 14', '(주)크레용하우스 · 부스 A1907', '(주)크레용하우스의 부스입니다. 부스 번호 A1907. 분야: 총류, 철학, 종교, 사회과학, 순수과학, 기술과학, 공공기관, 예술, 언어, 문학, 역사, 아동, 학습참고서, 전자출판, 기타. 현장에서 신간 전시와 굿즈, 사인회를 만나볼 수 있어요. 2026 서울국제도서전 참가사입니다.', '[]'::jsonb, null, null, 'http://www.crayonhouse.co.kr', '["humanities"]'::jsonb, 468, 1992, 50, '2026-01-05T00:00:00.000Z'),
  ('b_a2001', 'exh_sibf_2026', 'hall_a', 'cat_humanities', 'A2001', '생명의말씀사', '철학 외 2', '생명의말씀사 · 부스 A2001', '생명의말씀사의 부스입니다. 부스 번호 A2001. 분야: 철학, 종교, 전자출판. 현장에서 신간 전시와 굿즈, 사인회를 만나볼 수 있어요. 2026 서울국제도서전 참가사입니다.', '[]'::jsonb, null, null, 'https://www.lifebook.co.kr/main/', '["humanities"]'::jsonb, 602, 2162, 50, '2026-01-05T00:00:00.000Z'),
  ('b_a2002', 'exh_sibf_2026', 'hall_a', 'cat_humanities', 'A2002', '성서유니온', '종교', '성서유니온 · 부스 A2002', '성서유니온의 부스입니다. 부스 번호 A2002. 분야: 종교. 현장에서 신간 전시와 굿즈, 사인회를 만나볼 수 있어요. 2026 서울국제도서전 참가사입니다.', '[]'::jsonb, null, null, 'https://sum.su.or.kr:8888/', '["humanities"]'::jsonb, 602, 2106, 50, '2026-01-05T00:00:00.000Z'),
  ('b_a2003', 'exh_sibf_2026', 'hall_a', 'cat_general', 'A2003', '도서출판 다독다독 외 1', '기타(요리 외 3', '도서출판 다독다독 외 1 · 부스 A2003', '도서출판 다독다독 외 1의 부스입니다. 부스 번호 A2003. 분야: 기타(요리, 자녀교육, 취미, 교양). 현장에서 신간 전시와 굿즈, 사인회를 만나볼 수 있어요. 2026 서울국제도서전 참가사입니다.', '[]'::jsonb, null, null, 'https://www.instagram.com/dadokbooks', '["general"]'::jsonb, 602, 2048, 50, '2026-01-05T00:00:00.000Z'),
  ('b_a2004', 'exh_sibf_2026', 'hall_a', 'cat_art', 'A2004', '안온북스', '예술 외 1', '안온북스 · 부스 A2004', '안온북스의 부스입니다. 부스 번호 A2004. 분야: 예술, 문학. 현장에서 신간 전시와 굿즈, 사인회를 만나볼 수 있어요. 2026 서울국제도서전 참가사입니다.', '[]'::jsonb, null, null, 'http://www.anonbooks.net/main/index.php', '["art"]'::jsonb, 602, 1992, 50, '2026-01-05T00:00:00.000Z'),
  ('b_a2005', 'exh_sibf_2026', 'hall_a', 'cat_humanities', 'A2005', '청미출판사', '철학 외 2', '청미출판사 · 부스 A2005', '청미출판사의 부스입니다. 부스 번호 A2005. 분야: 철학, 사회과학, 문학. 현장에서 신간 전시와 굿즈, 사인회를 만나볼 수 있어요. 2026 서울국제도서전 참가사입니다.', '[]'::jsonb, null, null, 'https://blog.naver.com/cheongmipub', '["humanities"]'::jsonb, 659, 2162, 50, '2026-01-05T00:00:00.000Z'),
  ('b_a2006', 'exh_sibf_2026', 'hall_a', 'cat_science', 'A2006', '캠퍼스북', '사회과학 외 1', '캠퍼스북 · 부스 A2006', '캠퍼스북의 부스입니다. 부스 번호 A2006. 분야: 사회과학, 전자출판. 현장에서 신간 전시와 굿즈, 사인회를 만나볼 수 있어요. 2026 서울국제도서전 참가사입니다.', '[]'::jsonb, null, null, 'https://hakjisa.co.kr', '["science"]'::jsonb, 659, 2106, 50, '2026-01-05T00:00:00.000Z'),
  ('b_a2007', 'exh_sibf_2026', 'hall_a', 'cat_children', 'A2007', '잉글리시에그', '아동', '잉글리시에그 · 부스 A2007', '잉글리시에그의 부스입니다. 부스 번호 A2007. 분야: 아동. 현장에서 신간 전시와 굿즈, 사인회를 만나볼 수 있어요. 2026 서울국제도서전 참가사입니다.', '[]'::jsonb, null, null, 'http://www.englishegg.co.kr', '["children"]'::jsonb, 659, 2048, 50, '2026-01-05T00:00:00.000Z'),
  ('b_a2008', 'exh_sibf_2026', 'hall_a', 'cat_lit', 'A2008', '우리나비', '문학 외 2', '우리나비 · 부스 A2008', '우리나비의 부스입니다. 부스 번호 A2008. 분야: 문학, 아동, 기타(그래픽노블). 현장에서 신간 전시와 굿즈, 사인회를 만나볼 수 있어요. 2026 서울국제도서전 참가사입니다.', '[]'::jsonb, null, null, 'http://www.woorinabi.com', '["lit"]'::jsonb, 659, 1992, 50, '2026-01-05T00:00:00.000Z'),
  ('b_a2009', 'exh_sibf_2026', 'hall_a', 'cat_humanities', 'A2009', '호손재 외 16', '총류 외 2', '호손재 외 16 · 부스 A2009', '호손재 외 16의 부스입니다. 부스 번호 A2009. 분야: 총류, 문학, 전자출판. 현장에서 신간 전시와 굿즈, 사인회를 만나볼 수 있어요. 2026 서울국제도서전 참가사입니다.', '[]'::jsonb, null, null, 'https://www.instagram.com/hosonjae_books/', '["humanities"]'::jsonb, 813, 2134, 50, '2026-01-05T00:00:00.000Z'),
  ('b_a2010', 'exh_sibf_2026', 'hall_a', 'cat_humanities', 'A2010', '주식회사 난다', '철학 외 2', '주식회사 난다 · 부스 A2010', '주식회사 난다의 부스입니다. 부스 번호 A2010. 분야: 철학, 예술, 문학. 현장에서 신간 전시와 굿즈, 사인회를 만나볼 수 있어요. 2026 서울국제도서전 참가사입니다.', '[]'::jsonb, null, null, null, '["humanities"]'::jsonb, 813, 2020, 50, '2026-01-05T00:00:00.000Z'),
  ('b_a2101', 'exh_sibf_2026', 'hall_a', 'cat_science', 'A2101', '사회평론', '사회과학 외 2', '사회평론 · 부스 A2101', '사회평론의 부스입니다. 부스 번호 A2101. 분야: 사회과학, 예술, 학습참고서. 현장에서 신간 전시와 굿즈, 사인회를 만나볼 수 있어요. 2026 서울국제도서전 참가사입니다.', '[]'::jsonb, null, null, 'https://sapyoung.com/', '["science"]'::jsonb, 1004, 2134, 50, '2026-01-05T00:00:00.000Z'),
  ('b_a2102', 'exh_sibf_2026', 'hall_a', 'cat_art', 'A2102', '오이뮤', '예술 외 1', '오이뮤 · 부스 A2102', '오이뮤의 부스입니다. 부스 번호 A2102. 분야: 예술, 문학. 현장에서 신간 전시와 굿즈, 사인회를 만나볼 수 있어요. 2026 서울국제도서전 참가사입니다.', '[]'::jsonb, null, null, 'https://oimu-seoul.com/', '["art"]'::jsonb, 1004, 2020, 50, '2026-01-05T00:00:00.000Z'),
  ('b_a2103', 'exh_sibf_2026', 'hall_a', 'cat_humanities', 'A2103', '(주)휴머니스트 출판그룹 외 1', '총류 외 2', '(주)휴머니스트 출판그룹 외 1 · 부스 A2103', '(주)휴머니스트 출판그룹 외 1의 부스입니다. 부스 번호 A2103. 분야: 총류, 사회과학, 역사. 현장에서 신간 전시와 굿즈, 사인회를 만나볼 수 있어요. 2026 서울국제도서전 참가사입니다.', '[]'::jsonb, null, null, 'http://www.humanistbooks.com', '["humanities"]'::jsonb, 1187, 2077, 50, '2026-01-05T00:00:00.000Z'),
  ('b_a2201', 'exh_sibf_2026', 'hall_a', 'cat_art', 'A2201', '길벗어린이', '예술 외 2', '길벗어린이 · 부스 A2201', '길벗어린이의 부스입니다. 부스 번호 A2201. 분야: 예술, 문학, 아동. 현장에서 신간 전시와 굿즈, 사인회를 만나볼 수 있어요. 2026 서울국제도서전 참가사입니다.', '[]'::jsonb, null, null, 'http://www.gilbutkid.co.kr', '["art"]'::jsonb, 1378, 2077, 50, '2026-01-05T00:00:00.000Z'),
  ('b_a2202', 'exh_sibf_2026', 'hall_a', 'cat_humanities', 'A2202', '문학과지성사', '총류 외 14', '문학과지성사 · 부스 A2202', '문학과지성사의 부스입니다. 부스 번호 A2202. 분야: 총류, 철학, 종교, 사회과학, 순수과학, 기술과학, 공공기관, 예술, 언어, 문학, 역사, 아동, 학습참고서, 전자출판, 기타. 현장에서 신간 전시와 굿즈, 사인회를 만나볼 수 있어요. 2026 서울국제도서전 참가사입니다.', '[]'::jsonb, null, null, 'http://www.moonji.com', '["humanities"]'::jsonb, 1561, 2077, 50, '2026-01-05T00:00:00.000Z'),
  ('b_a2203', 'exh_sibf_2026', 'hall_a', 'cat_lit', 'A2203', '소전문화재단', '문학', '소전문화재단 · 부스 A2203', '소전문화재단의 부스입니다. 부스 번호 A2203. 분야: 문학. 현장에서 신간 전시와 굿즈, 사인회를 만나볼 수 있어요. 2026 서울국제도서전 참가사입니다.', '[]'::jsonb, null, null, 'https://www.the-reader.or.kr', '["lit"]'::jsonb, 1744, 2077, 50, '2026-01-05T00:00:00.000Z'),
  ('b_a2301', 'exh_sibf_2026', 'hall_a', 'cat_humanities', 'A2301', '서울특별시교육청', '총류 외 14', '서울특별시교육청 · 부스 A2301', '서울특별시교육청의 부스입니다. 부스 번호 A2301. 분야: 총류, 철학, 종교, 사회과학, 순수과학, 기술과학, 공공기관, 예술, 언어, 문학, 역사, 아동, 학습참고서, 전자출판, 기타. 현장에서 신간 전시와 굿즈, 사인회를 만나볼 수 있어요. 2026 서울국제도서전 참가사입니다.', '[]'::jsonb, null, null, 'https://www.sen.go.kr/sen/index.do', '["humanities"]'::jsonb, 1935, 2077, 50, '2026-01-05T00:00:00.000Z'),
  ('b_a2302', 'exh_sibf_2026', 'hall_a', 'cat_science', 'A2302', '사계절출판사 외 1', '사회과학 외 2', '사계절출판사 외 1 · 부스 A2302', '사계절출판사 외 1의 부스입니다. 부스 번호 A2302. 분야: 사회과학, 문학, 기타(그림책). 현장에서 신간 전시와 굿즈, 사인회를 만나볼 수 있어요. 2026 서울국제도서전 참가사입니다.', '[]'::jsonb, null, null, 'http://www.sakyejul.net', '["science"]'::jsonb, 2118, 2077, 50, '2026-01-05T00:00:00.000Z'),
  ('b_a2303', 'exh_sibf_2026', 'hall_a', 'cat_general', 'A2303', '주식회사 오뚜기 외 1', '기타(푸드에세이 외 1', '주식회사 오뚜기 외 1 · 부스 A2303', '주식회사 오뚜기 외 1의 부스입니다. 부스 번호 A2303. 분야: 기타(푸드에세이, 브랜드북 등). 현장에서 신간 전시와 굿즈, 사인회를 만나볼 수 있어요. 2026 서울국제도서전 참가사입니다.', '[]'::jsonb, null, null, 'https://www.otoki.com/', '["general"]'::jsonb, 2301, 2077, 50, '2026-01-05T00:00:00.000Z'),
  ('b_a2401', 'exh_sibf_2026', 'hall_a', 'cat_general', 'A2401', 'Psygarden Publishing Company 외 7', '기타', 'Psygarden Publishing Company 외 7 · 부스 A2401', 'Psygarden Publishing Company 외 7의 부스입니다. 부스 번호 A2401. 분야: 기타. 현장에서 신간 전시와 굿즈, 사인회를 만나볼 수 있어요. 2026 서울국제도서전 참가사입니다.', '[]'::jsonb, null, null, 'https://www.psygarden.com.tw/', '["general"]'::jsonb, 2492, 2077, 50, '2026-01-05T00:00:00.000Z'),
  ('b_a2402', 'exh_sibf_2026', 'hall_a', 'cat_general', 'A2402', 'A2402', '', 'A2402 · 부스 A2402', 'A2402의 부스입니다. 부스 번호 A2402. 현장에서 신간 전시와 굿즈, 사인회를 만나볼 수 있어요. 2026 서울국제도서전 참가사입니다.', '[]'::jsonb, null, null, null, '["general"]'::jsonb, 2722, 2077, 50, '2026-01-05T00:00:00.000Z'),
  ('b_b101', 'exh_sibf_2026', 'hall_b', 'cat_humanities', 'B101', '어크로스', '총류 외 14', '어크로스 · 부스 B101', '어크로스의 부스입니다. 부스 번호 B101. 분야: 총류, 철학, 종교, 사회과학, 순수과학, 기술과학, 공공기관, 예술, 언어, 문학, 역사, 아동, 학습참고서, 전자출판, 기타. 현장에서 신간 전시와 굿즈, 사인회를 만나볼 수 있어요. 2026 서울국제도서전 참가사입니다.', '[]'::jsonb, null, null, 'http://acrossbook.com', '["humanities"]'::jsonb, 1700, 1621, 50, '2026-01-05T00:00:00.000Z'),
  ('b_b102', 'exh_sibf_2026', 'hall_b', 'cat_art', 'B102', '오리집 외 1', '예술 외 1', '오리집 외 1 · 부스 B102', '오리집 외 1의 부스입니다. 부스 번호 B102. 분야: 예술, 문학. 현장에서 신간 전시와 굿즈, 사인회를 만나볼 수 있어요. 2026 서울국제도서전 참가사입니다.', '[]'::jsonb, null, null, 'https://www.instagram.com/orizip', '["art"]'::jsonb, 1700, 1536, 50, '2026-01-05T00:00:00.000Z'),
  ('b_b103', 'exh_sibf_2026', 'hall_b', 'cat_children', 'B103', '(주)책읽는곰', '아동', '(주)책읽는곰 · 부스 B103', '(주)책읽는곰의 부스입니다. 부스 번호 B103. 분야: 아동. 현장에서 신간 전시와 굿즈, 사인회를 만나볼 수 있어요. 2026 서울국제도서전 참가사입니다.', '[]'::jsonb, null, null, 'http://bearbooks.co.kr', '["children"]'::jsonb, 1700, 1450, 50, '2026-01-05T00:00:00.000Z'),
  ('b_b104', 'exh_sibf_2026', 'hall_b', 'cat_lit', 'B104', '토끼섬 외 1', '문학 외 1', '토끼섬 외 1 · 부스 B104', '토끼섬 외 1의 부스입니다. 부스 번호 B104. 분야: 문학, 아동. 현장에서 신간 전시와 굿즈, 사인회를 만나볼 수 있어요. 2026 서울국제도서전 참가사입니다.', '[]'::jsonb, null, null, 'https://www.instagram.com/tokkiseom_book/', '["lit"]'::jsonb, 1826, 1621, 50, '2026-01-05T00:00:00.000Z'),
  ('b_b105', 'exh_sibf_2026', 'hall_b', 'cat_art', 'B105', '송송책방', '예술 외 2', '송송책방 · 부스 B105', '송송책방의 부스입니다. 부스 번호 B105. 분야: 예술, 문학, 아동. 현장에서 신간 전시와 굿즈, 사인회를 만나볼 수 있어요. 2026 서울국제도서전 참가사입니다.', '[]'::jsonb, null, null, 'http://www.songsongbooks.com', '["art"]'::jsonb, 1826, 1536, 50, '2026-01-05T00:00:00.000Z'),
  ('b_b106', 'exh_sibf_2026', 'hall_b', 'cat_lit', 'B106', '꿈공장플러스', '문학', '꿈공장플러스 · 부스 B106', '꿈공장플러스의 부스입니다. 부스 번호 B106. 분야: 문학. 현장에서 신간 전시와 굿즈, 사인회를 만나볼 수 있어요. 2026 서울국제도서전 참가사입니다.', '[]'::jsonb, null, null, 'http://www.dreambooks.kr', '["lit"]'::jsonb, 1826, 1450, 50, '2026-01-05T00:00:00.000Z'),
  ('b_b107', 'exh_sibf_2026', 'hall_b', 'cat_humanities', 'B107', '아카넷', '총류 외 2', '아카넷 · 부스 B107', '아카넷의 부스입니다. 부스 번호 B107. 분야: 총류, 철학, 역사. 현장에서 신간 전시와 굿즈, 사인회를 만나볼 수 있어요. 2026 서울국제도서전 참가사입니다.', '[]'::jsonb, null, null, 'http://www.acanet.co.kr/', '["humanities"]'::jsonb, 1882, 1621, 50, '2026-01-05T00:00:00.000Z'),
  ('b_b108', 'exh_sibf_2026', 'hall_b', 'cat_art', 'B108', '디자인이음', '예술 외 1', '디자인이음 · 부스 B108', '디자인이음의 부스입니다. 부스 번호 B108. 분야: 예술, 문학. 현장에서 신간 전시와 굿즈, 사인회를 만나볼 수 있어요. 2026 서울국제도서전 참가사입니다.', '[]'::jsonb, null, null, 'https://blog.naver.com/designeum/', '["art"]'::jsonb, 1882, 1536, 50, '2026-01-05T00:00:00.000Z'),
  ('b_b109', 'exh_sibf_2026', 'hall_b', 'cat_science', 'B109', '코쿤북스 외 1', '사회과학 외 2', '코쿤북스 외 1 · 부스 B109', '코쿤북스 외 1의 부스입니다. 부스 번호 B109. 분야: 사회과학, 순수과학, 예술. 현장에서 신간 전시와 굿즈, 사인회를 만나볼 수 있어요. 2026 서울국제도서전 참가사입니다.', '[]'::jsonb, null, null, 'https://www.instagram.com/cocoon_books/', '["science"]'::jsonb, 1882, 1450, 50, '2026-01-05T00:00:00.000Z'),
  ('b_b201', 'exh_sibf_2026', 'hall_b', 'cat_humanities', 'B201', '유유출판사', '총류 외 2', '유유출판사 · 부스 B201', '유유출판사의 부스입니다. 부스 번호 B201. 분야: 총류, 사회과학, 언어. 현장에서 신간 전시와 굿즈, 사인회를 만나볼 수 있어요. 2026 서울국제도서전 참가사입니다.', '[]'::jsonb, null, null, 'http://uupress.co.kr', '["humanities"]'::jsonb, 2008, 1621, 50, '2026-01-05T00:00:00.000Z'),
  ('b_b202', 'exh_sibf_2026', 'hall_b', 'cat_art', 'B202', '바람북스', '예술 외 1', '바람북스 · 부스 B202', '바람북스의 부스입니다. 부스 번호 B202. 분야: 예술, 문학. 현장에서 신간 전시와 굿즈, 사인회를 만나볼 수 있어요. 2026 서울국제도서전 참가사입니다.', '[]'::jsonb, null, null, 'https://www.barambooks.net/barambooks', '["art"]'::jsonb, 2008, 1536, 50, '2026-01-05T00:00:00.000Z'),
  ('b_b203', 'exh_sibf_2026', 'hall_b', 'cat_lit', 'B203', '스위밍꿀 외 1', '문학', '스위밍꿀 외 1 · 부스 B203', '스위밍꿀 외 1의 부스입니다. 부스 번호 B203. 분야: 문학. 현장에서 신간 전시와 굿즈, 사인회를 만나볼 수 있어요. 2026 서울국제도서전 참가사입니다.', '[]'::jsonb, null, null, 'https://www.instagram.com/swimmingkul', '["lit"]'::jsonb, 2008, 1450, 50, '2026-01-05T00:00:00.000Z'),
  ('b_b204', 'exh_sibf_2026', 'hall_b', 'cat_lit', 'B204', '주식회사 도서출판점자', '문학 외 2', '주식회사 도서출판점자 · 부스 B204', '주식회사 도서출판점자의 부스입니다. 부스 번호 B204. 분야: 문학, 아동, 학습참고서. 현장에서 신간 전시와 굿즈, 사인회를 만나볼 수 있어요. 2026 서울국제도서전 참가사입니다.', '[]'::jsonb, null, null, 'https://www.kbraille.com/', '["lit"]'::jsonb, 2066, 1621, 50, '2026-01-05T00:00:00.000Z'),
  ('b_b205', 'exh_sibf_2026', 'hall_b', 'cat_art', 'B205', '후즈갓마이테일', '예술 외 2', '후즈갓마이테일 · 부스 B205', '후즈갓마이테일의 부스입니다. 부스 번호 B205. 분야: 예술, 문학, 아동. 현장에서 신간 전시와 굿즈, 사인회를 만나볼 수 있어요. 2026 서울국제도서전 참가사입니다.', '[]'::jsonb, null, null, 'http://instagram.com/whosgotmytail', '["art"]'::jsonb, 2066, 1536, 50, '2026-01-05T00:00:00.000Z'),
  ('b_b206', 'exh_sibf_2026', 'hall_b', 'cat_art', 'B206', '흰토끼프레스(바캉스프로젝트)', '예술 외 2', '흰토끼프레스(바캉스프로젝트) · 부스 B206', '흰토끼프레스(바캉스프로젝트)의 부스입니다. 부스 번호 B206. 분야: 예술, 문학, 아동. 현장에서 신간 전시와 굿즈, 사인회를 만나볼 수 있어요. 2026 서울국제도서전 참가사입니다.', '[]'::jsonb, null, null, 'https://www.instagram.com/vacancesproject', '["art"]'::jsonb, 2066, 1450, 50, '2026-01-05T00:00:00.000Z'),
  ('b_b207', 'exh_sibf_2026', 'hall_b', 'cat_general', 'B207', 'B207', '', 'B207 · 부스 B207', 'B207의 부스입니다. 부스 번호 B207. 현장에서 신간 전시와 굿즈, 사인회를 만나볼 수 있어요. 2026 서울국제도서전 참가사입니다.', '[]'::jsonb, null, null, null, '["general"]'::jsonb, 2006, 1760, 50, '2026-01-05T00:00:00.000Z'),
  ('b_b301', 'exh_sibf_2026', 'hall_b', 'cat_humanities', 'B301', '도서출판 노란돼지', '총류 외 14', '도서출판 노란돼지 · 부스 B301', '도서출판 노란돼지의 부스입니다. 부스 번호 B301. 분야: 총류, 철학, 종교, 사회과학, 순수과학, 기술과학, 공공기관, 예술, 언어, 문학, 역사, 아동, 학습참고서, 전자출판, 기타. 현장에서 신간 전시와 굿즈, 사인회를 만나볼 수 있어요. 2026 서울국제도서전 참가사입니다.', '[]'::jsonb, null, null, 'http://yellowpig.co.kr', '["humanities"]'::jsonb, 2188, 1621, 50, '2026-01-05T00:00:00.000Z'),
  ('b_b302', 'exh_sibf_2026', 'hall_b', 'cat_children', 'B302', '늘보의 섬', '아동', '늘보의 섬 · 부스 B302', '늘보의 섬의 부스입니다. 부스 번호 B302. 분야: 아동. 현장에서 신간 전시와 굿즈, 사인회를 만나볼 수 있어요. 2026 서울국제도서전 참가사입니다.', '[]'::jsonb, null, null, 'http://www.slothisland.net', '["children"]'::jsonb, 2188, 1536, 50, '2026-01-05T00:00:00.000Z'),
  ('b_b303', 'exh_sibf_2026', 'hall_b', 'cat_lit', 'B303', '(주)창비교육', '문학 외 2', '(주)창비교육 · 부스 B303', '(주)창비교육의 부스입니다. 부스 번호 B303. 분야: 문학, 역사, 아동. 현장에서 신간 전시와 굿즈, 사인회를 만나볼 수 있어요. 2026 서울국제도서전 참가사입니다.', '[]'::jsonb, null, null, 'https://class.changbiedu.com/', '["lit"]'::jsonb, 2188, 1450, 50, '2026-01-05T00:00:00.000Z'),
  ('b_b304', 'exh_sibf_2026', 'hall_b', 'cat_science', 'B304', '서해문집', '사회과학 외 2', '서해문집 · 부스 B304', '서해문집의 부스입니다. 부스 번호 B304. 분야: 사회과학, 문학, 역사. 현장에서 신간 전시와 굿즈, 사인회를 만나볼 수 있어요. 2026 서울국제도서전 참가사입니다.', '[]'::jsonb, null, null, 'http://booksea.co.kr', '["science"]'::jsonb, 2246, 1621, 50, '2026-01-05T00:00:00.000Z'),
  ('b_b305', 'exh_sibf_2026', 'hall_b', 'cat_art', 'B305', '한림사', '예술', '한림사 · 부스 B305', '한림사의 부스입니다. 부스 번호 B305. 분야: 예술. 현장에서 신간 전시와 굿즈, 사인회를 만나볼 수 있어요. 2026 서울국제도서전 참가사입니다.', '[]'::jsonb, null, null, 'http://www.bookmarc.co.kr', '["art"]'::jsonb, 2246, 1536, 50, '2026-01-05T00:00:00.000Z'),
  ('b_b306', 'exh_sibf_2026', 'hall_b', 'cat_lit', 'B306', '나비클럽', '문학 외 1', '나비클럽 · 부스 B306', '나비클럽의 부스입니다. 부스 번호 B306. 분야: 문학, 기타(인문). 현장에서 신간 전시와 굿즈, 사인회를 만나볼 수 있어요. 2026 서울국제도서전 참가사입니다.', '[]'::jsonb, null, null, 'http://www.nabiclub.net', '["lit"]'::jsonb, 2246, 1450, 50, '2026-01-05T00:00:00.000Z'),
  ('b_b307', 'exh_sibf_2026', 'hall_b', 'cat_children', 'B307', '국립생태원', '아동 외 2', '국립생태원 · 부스 B307', '국립생태원의 부스입니다. 부스 번호 B307. 분야: 아동, 학습참고서, 기타(자연과학). 현장에서 신간 전시와 굿즈, 사인회를 만나볼 수 있어요. 2026 서울국제도서전 참가사입니다.', '[]'::jsonb, null, null, 'http://www.nie.re.kr', '["children"]'::jsonb, 2372, 1621, 50, '2026-01-05T00:00:00.000Z'),
  ('b_b308', 'exh_sibf_2026', 'hall_b', 'cat_art', 'B308', '퍼머넌트북스', '예술 외 2', '퍼머넌트북스 · 부스 B308', '퍼머넌트북스의 부스입니다. 부스 번호 B308. 분야: 예술, 문학, 아동. 현장에서 신간 전시와 굿즈, 사인회를 만나볼 수 있어요. 2026 서울국제도서전 참가사입니다.', '[]'::jsonb, null, null, 'https://bookbank-books.com/index.html', '["art"]'::jsonb, 2372, 1536, 50, '2026-01-05T00:00:00.000Z'),
  ('b_b309', 'exh_sibf_2026', 'hall_b', 'cat_science', 'B309', '주식회사 한겨레엔', '사회과학 외 2', '주식회사 한겨레엔 · 부스 B309', '주식회사 한겨레엔의 부스입니다. 부스 번호 B309. 분야: 사회과학, 예술, 문학. 현장에서 신간 전시와 굿즈, 사인회를 만나볼 수 있어요. 2026 서울국제도서전 참가사입니다.', '[]'::jsonb, null, null, 'http://www.hanibook.co.kr', '["science"]'::jsonb, 2372, 1450, 50, '2026-01-05T00:00:00.000Z'),
  ('b_b400', 'exh_sibf_2026', 'hall_b', 'cat_general', 'B400', 'B400', '', 'B400 · 부스 B400', 'B400의 부스입니다. 부스 번호 B400. 현장에서 신간 전시와 굿즈, 사인회를 만나볼 수 있어요. 2026 서울국제도서전 참가사입니다.', '[]'::jsonb, null, null, null, '["general"]'::jsonb, 1510, 1100, 50, '2026-01-05T00:00:00.000Z'),
  ('b_b501', 'exh_sibf_2026', 'hall_b', 'cat_general', 'B501', '한솔제지(주)', '기타', '한솔제지(주) · 부스 B501', '한솔제지(주)의 부스입니다. 부스 번호 B501. 분야: 기타. 현장에서 신간 전시와 굿즈, 사인회를 만나볼 수 있어요. 2026 서울국제도서전 참가사입니다.', '[]'::jsonb, null, null, 'https://www.hansolpaper.co.kr/main', '["general"]'::jsonb, 1854, 1192, 50, '2026-01-05T00:00:00.000Z'),
  ('b_b502', 'exh_sibf_2026', 'hall_b', 'cat_lit', 'B502', '윤에디션', '문학 외 1', '윤에디션 · 부스 B502', '윤에디션의 부스입니다. 부스 번호 B502. 분야: 문학, 아동. 현장에서 신간 전시와 굿즈, 사인회를 만나볼 수 있어요. 2026 서울국제도서전 참가사입니다.', '[]'::jsonb, null, null, 'https://smartstore.naver.com/yunedition', '["lit"]'::jsonb, 1826, 952, 50, '2026-01-05T00:00:00.000Z'),
  ('b_b503', 'exh_sibf_2026', 'hall_b', 'cat_science', 'B503', '초록비책공방 외 1', '사회과학 외 2', '초록비책공방 외 1 · 부스 B503', '초록비책공방 외 1의 부스입니다. 부스 번호 B503. 분야: 사회과학, 예술, 문학. 현장에서 신간 전시와 굿즈, 사인회를 만나볼 수 있어요. 2026 서울국제도서전 참가사입니다.', '[]'::jsonb, null, null, 'https://www.instagram.com/greenrainbooks', '["science"]'::jsonb, 1882, 952, 50, '2026-01-05T00:00:00.000Z'),
  ('b_b504', 'exh_sibf_2026', 'hall_b', 'cat_art', 'B504', '혼혼 외 32', '예술 외 2', '혼혼 외 32 · 부스 B504', '혼혼 외 32의 부스입니다. 부스 번호 B504. 분야: 예술, 문학, 전자출판. 현장에서 신간 전시와 굿즈, 사인회를 만나볼 수 있어요. 2026 서울국제도서전 참가사입니다.', '[]'::jsonb, null, null, 'https://www.instagram.com/publisherhonhon/', '["art"]'::jsonb, 2037, 1192, 50, '2026-01-05T00:00:00.000Z'),
  ('b_b505', 'exh_sibf_2026', 'hall_b', 'cat_humanities', 'B505', '쪽프레스', '총류 외 2', '쪽프레스 · 부스 B505', '쪽프레스의 부스입니다. 부스 번호 B505. 분야: 총류, 예술, 문학. 현장에서 신간 전시와 굿즈, 사인회를 만나볼 수 있어요. 2026 서울국제도서전 참가사입니다.', '[]'::jsonb, null, null, 'http://jjokkpress.com', '["humanities"]'::jsonb, 2008, 952, 50, '2026-01-05T00:00:00.000Z'),
  ('b_b506', 'exh_sibf_2026', 'hall_b', 'cat_humanities', 'B506', '도서출판도반', '철학 외 2', '도서출판도반 · 부스 B506', '도서출판도반의 부스입니다. 부스 번호 B506. 분야: 철학, 종교, 문학. 현장에서 신간 전시와 굿즈, 사인회를 만나볼 수 있어요. 2026 서울국제도서전 참가사입니다.', '[]'::jsonb, null, null, 'http://dobanbooks.co.kr', '["humanities"]'::jsonb, 2066, 952, 50, '2026-01-05T00:00:00.000Z'),
  ('b_b601', 'exh_sibf_2026', 'hall_b', 'cat_lit', 'B601', '안전가옥', '문학', '안전가옥 · 부스 B601', '안전가옥의 부스입니다. 부스 번호 B601. 분야: 문학. 현장에서 신간 전시와 굿즈, 사인회를 만나볼 수 있어요. 2026 서울국제도서전 참가사입니다.', '[]'::jsonb, null, null, 'https://safehouse.kr', '["lit"]'::jsonb, 2291, 1220, 50, '2026-01-05T00:00:00.000Z'),
  ('b_b603', 'exh_sibf_2026', 'hall_b', 'cat_humanities', 'B603', '창비', '총류 외 14', '창비 · 부스 B603', '창비의 부스입니다. 부스 번호 B603. 분야: 총류, 철학, 종교, 사회과학, 순수과학, 기술과학, 공공기관, 예술, 언어, 문학, 역사, 아동, 학습참고서, 전자출판, 기타. 현장에서 신간 전시와 굿즈, 사인회를 만나볼 수 있어요. 2026 서울국제도서전 참가사입니다.', '[]'::jsonb, null, null, 'https://www.changbi.com/', '["humanities"]'::jsonb, 2600, 1220, 50, '2026-01-05T00:00:00.000Z'),
  ('b_b604', 'exh_sibf_2026', 'hall_b', 'cat_lit', 'B604', '아침달', '문학', '아침달 · 부스 B604', '아침달의 부스입니다. 부스 번호 B604. 분야: 문학. 현장에서 신간 전시와 굿즈, 사인회를 만나볼 수 있어요. 2026 서울국제도서전 참가사입니다.', '[]'::jsonb, null, null, 'http://blog.naver.com/achimdalbooks', '["lit"]'::jsonb, 2508, 1009, 50, '2026-01-05T00:00:00.000Z'),
  ('b_b605', 'exh_sibf_2026', 'hall_b', 'cat_science', 'B605', '다람출판사', '사회과학 외 2', '다람출판사 · 부스 B605', '다람출판사의 부스입니다. 부스 번호 B605. 분야: 사회과학, 문학, 역사. 현장에서 신간 전시와 굿즈, 사인회를 만나볼 수 있어요. 2026 서울국제도서전 참가사입니다.', '[]'::jsonb, null, null, 'https://www.instagram.com/darambooks/', '["science"]'::jsonb, 2508, 924, 50, '2026-01-05T00:00:00.000Z'),
  ('b_b606', 'exh_sibf_2026', 'hall_b', 'cat_humanities', 'B606', '주식회사 휴먼밸류 / 더클래스', '총류 외 2', '주식회사 휴먼밸류 / 더클래스 · 부스 B606', '주식회사 휴먼밸류 / 더클래스의 부스입니다. 부스 번호 B606. 분야: 총류, 사회과학, 문학. 현장에서 신간 전시와 굿즈, 사인회를 만나볼 수 있어요. 2026 서울국제도서전 참가사입니다.', '[]'::jsonb, null, null, 'https://www.youtube.com/@choemazon', '["humanities"]'::jsonb, 2566, 1038, 50, '2026-01-05T00:00:00.000Z'),
  ('b_b607', 'exh_sibf_2026', 'hall_b', 'cat_humanities', 'B607', '북챗', '언어 외 2', '북챗 · 부스 B607', '북챗의 부스입니다. 부스 번호 B607. 분야: 언어, 아동, 학습참고서. 현장에서 신간 전시와 굿즈, 사인회를 만나볼 수 있어요. 2026 서울국제도서전 참가사입니다.', '[]'::jsonb, null, null, 'https://www.bookchatkorea.com/', '["humanities"]'::jsonb, 2566, 980, 50, '2026-01-05T00:00:00.000Z'),
  ('b_b608', 'exh_sibf_2026', 'hall_b', 'cat_art', 'B608', '썸북스', '예술 외 2', '썸북스 · 부스 B608', '썸북스의 부스입니다. 부스 번호 B608. 분야: 예술, 문학, 기타(그림책). 현장에서 신간 전시와 굿즈, 사인회를 만나볼 수 있어요. 2026 서울국제도서전 참가사입니다.', '[]'::jsonb, null, null, 'http://www.somebooks.kr', '["art"]'::jsonb, 2566, 924, 50, '2026-01-05T00:00:00.000Z'),
  ('b_b609', 'exh_sibf_2026', 'hall_b', 'cat_humanities', 'B609', '국가보훈부', '총류 외 14', '국가보훈부 · 부스 B609', '국가보훈부의 부스입니다. 부스 번호 B609. 분야: 총류, 철학, 종교, 사회과학, 순수과학, 기술과학, 공공기관, 예술, 언어, 문학, 역사, 아동, 학습참고서, 전자출판, 기타. 현장에서 신간 전시와 굿즈, 사인회를 만나볼 수 있어요. 2026 서울국제도서전 참가사입니다.', '[]'::jsonb, null, null, 'http://www.mpva.go.kr', '["humanities"]'::jsonb, 2692, 980, 50, '2026-01-05T00:00:00.000Z'),
  ('b_b701', 'exh_sibf_2026', 'hall_b', 'cat_humanities', 'B701', '[F&B] (주)커피 리브레', '총류 외 14', '[F&B] (주)커피 리브레 · 부스 B701', '[F&B] (주)커피 리브레의 부스입니다. 부스 번호 B701. 분야: 총류, 철학, 종교, 사회과학, 순수과학, 기술과학, 공공기관, 예술, 언어, 문학, 역사, 아동, 학습참고서, 전자출판, 기타. 현장에서 신간 전시와 굿즈, 사인회를 만나볼 수 있어요. 2026 서울국제도서전 참가사입니다.', '[]'::jsonb, null, null, 'https://www.coffeelibre.kr/', '["humanities"]'::jsonb, 1486, 674, 50, '2026-01-05T00:00:00.000Z'),
  ('b_b702', 'exh_sibf_2026', 'hall_b', 'cat_general', 'B702', 'B702', '', 'B702 · 부스 B702', 'B702의 부스입니다. 부스 번호 B702. 현장에서 신간 전시와 굿즈, 사인회를 만나볼 수 있어요. 2026 서울국제도서전 참가사입니다.', '[]'::jsonb, null, null, null, '["general"]'::jsonb, 1813, 674, 50, '2026-01-05T00:00:00.000Z'),
  ('b_b703', 'exh_sibf_2026', 'hall_b', 'cat_general', 'B703', 'B703', '', 'B703 · 부스 B703', 'B703의 부스입니다. 부스 번호 B703. 현장에서 신간 전시와 굿즈, 사인회를 만나볼 수 있어요. 2026 서울국제도서전 참가사입니다.', '[]'::jsonb, null, null, null, '["general"]'::jsonb, 2026, 674, 50, '2026-01-05T00:00:00.000Z'),
  ('b_b704', 'exh_sibf_2026', 'hall_b', 'cat_general', 'B704', 'B704', '', 'B704 · 부스 B704', 'B704의 부스입니다. 부스 번호 B704. 현장에서 신간 전시와 굿즈, 사인회를 만나볼 수 있어요. 2026 서울국제도서전 참가사입니다.', '[]'::jsonb, null, null, null, '["general"]'::jsonb, 2358, 674, 50, '2026-01-05T00:00:00.000Z'),
  ('b_b705', 'exh_sibf_2026', 'hall_b', 'cat_general', 'B705', 'B705', '', 'B705 · 부스 B705', 'B705의 부스입니다. 부스 번호 B705. 현장에서 신간 전시와 굿즈, 사인회를 만나볼 수 있어요. 2026 서울국제도서전 참가사입니다.', '[]'::jsonb, null, null, null, '["general"]'::jsonb, 2668, 763, 50, '2026-01-05T00:00:00.000Z'),
  ('b_b706', 'exh_sibf_2026', 'hall_b', 'cat_general', 'B706', 'B706', '', 'B706 · 부스 B706', 'B706의 부스입니다. 부스 번호 B706. 현장에서 신간 전시와 굿즈, 사인회를 만나볼 수 있어요. 2026 서울국제도서전 참가사입니다.', '[]'::jsonb, null, null, null, '["general"]'::jsonb, 2668, 674, 50, '2026-01-05T00:00:00.000Z'),
  ('b_b707', 'exh_sibf_2026', 'hall_b', 'cat_general', 'B707', 'B707', '', 'B707 · 부스 B707', 'B707의 부스입니다. 부스 번호 B707. 현장에서 신간 전시와 굿즈, 사인회를 만나볼 수 있어요. 2026 서울국제도서전 참가사입니다.', '[]'::jsonb, null, null, null, '["general"]'::jsonb, 2668, 585, 50, '2026-01-05T00:00:00.000Z')
on conflict (id) do nothing;

insert into event (id, booth_id, title, description, start_time, end_time, reward_info, capacity) values
  ('ev1', 'b_a1902', 'A1902 작가 사인회', '현장 작가 사인회 + 포토타임', '2026-06-24T05:00:00.000Z', '2026-06-24T06:30:00.000Z', '한정 굿즈', 60),
  ('ev2', 'b_a2402', 'A2402 신간 북토크', '신간 저자 강연', '2026-06-24T06:00:00.000Z', '2026-06-24T07:00:00.000Z', '사인본 추첨', 50),
  ('ev3', 'b_b701', 'B701 특별 전시 투어', '큐레이터와 함께 둘러보기', '2026-06-24T04:00:00.000Z', '2026-06-24T05:00:00.000Z', null, null),
  ('ev4', 'b_b400', 'B400 라운지 스탬프 투어', '부스를 돌며 스탬프 적립', '2026-06-24T02:00:00.000Z', '2026-06-24T11:00:00.000Z', '에코백 추첨', null)
on conflict (id) do nothing;

insert into waiting (booth_id, enabled, queue_count, estimated_minutes, updated_at) values
  ('b_a1902', true, 52, 30, '2026-06-24T05:00:00.000Z'),
  ('b_a2402', true, 38, 22, '2026-06-24T06:00:00.000Z'),
  ('b_a101', true, 24, 15, '2026-06-24T04:00:00.000Z'),
  ('b_a102', true, 18, 11, '2026-06-24T04:00:00.000Z'),
  ('b_a103', true, 12, 8, '2026-06-24T04:00:00.000Z')
on conflict (booth_id) do nothing;

insert into welcome_kit (booth_id, enabled, name, description, image_url, remaining_count) values
  ('b_b400', true, '라운지 에코백', '도서전 한정 굿즈', null, 300),
  ('b_a1902', true, '아트 포스터', '현장 한정 포스터', null, 150)
on conflict (booth_id) do nothing;

insert into review (id, booth_id, session_id, rating, comment, author_name, created_at) values
  ('rv1', 'b_a1902', 'seed', 5, '전시 구성이 알차요. 추천!', '지민', '2026-06-24T05:40:00.000Z'),
  ('rv2', 'b_a2402', 'seed', 4, '신간 할인 폭이 커요.', '현우', '2026-06-24T06:20:00.000Z'),
  ('rv3', 'b_a101', 'seed', 4, '굿즈 예쁘고 직원분 친절해요.', '수아', '2026-06-24T04:30:00.000Z')
on conflict (id) do nothing;

insert into visitor_session (id, exhibition_id, created_at, last_seen_at) values
  ('seed', 'exh_sibf_2026', '2026-01-02T00:00:00.000Z', '2026-01-02T00:00:00.000Z')
on conflict (id) do nothing;

insert into community_post (id, exhibition_id, session_id, author_name, body, booth_id, created_at) values
  ('cp1', 'exh_sibf_2026', 'seed', '민지', 'A1902 사인회 대기 30분 넘어요. 지금은 한산한 쪽부터 도세요!', 'b_a1902', '2026-06-24T04:30:00.000Z'),
  ('cp2', 'exh_sibf_2026', 'seed', '준호', 'B400 라운지 스탬프 다 모으면 에코백 추첨해요.', 'b_b400', '2026-06-24T03:50:00.000Z'),
  ('cp3', 'exh_sibf_2026', 'seed', '익명', 'A2402 신간 굿즈 거의 다 나갔어요. 빨리 가보세요!', 'b_a2402', '2026-06-24T06:05:00.000Z')
on conflict (id) do nothing;

commit;
