-- Generated by scripts/gen-seed.mjs — do not edit by hand.
-- 2026 Seoul International Book Fair seed (parity with mock).

insert into organizer (id, email, name) values
  ('org_sibf', 'sibf@sibf.kr', '서울국제도서전 사무국')
on conflict (id) do nothing;

insert into exhibition (id, slug, name, venue, description, start_date, end_date, cover_image_url, map_image_url, map_width, map_height, tips, organizer_id, created_at) values
  ('exh_sibf_2026', 'sibf-2026', '2026 서울국제도서전', '코엑스 A·B1홀, 서울 (COEX Hall A & B1)', '‘한 걸음(One Small Step)’을 주제로 열리는 국내 최대 규모의 책 축제. 국내외 출판사·작가가 한자리에 모여 신간과 굿즈, 주제 강연·전시·낭독회를 선보입니다. A홀과 B1홀에서 수백 개 부스를 만나보세요.', '2026-06-24', '2026-06-28', null, null, 980, 1320, '{"transportation":"지하철 2호선 삼성역 5·6번 출구 또는 9호선 봉은사역에서 코엑스로 연결. A·B1홀은 코엑스 1층입니다.","parking":"코엑스 지하주차장 이용. 도서전 기간 매우 혼잡하니 대중교통을 권장합니다.","ticket":"온라인 예매 및 현장 구매. 단체 티켓 구매 신청서 마감 6/8. 문의 sibf@sibf.kr / 02-702-0670(내선 4254).","guide":"운영시간 11:00–20:00. 주제 강연, 기획 전시, 작가 사인회·낭독회, 해외관(프랑스·캐나다 등)을 즐겨보세요."}'::jsonb, 'org_sibf', '2026-01-02T00:00:00.000Z')
on conflict (id) do nothing;

insert into hall (id, exhibition_id, name, floor, sort) values
  ('hall_a', 'exh_sibf_2026', 'A홀', 1, 0),
  ('hall_b', 'exh_sibf_2026', 'B1홀', 1, 1)
on conflict (id) do nothing;

insert into category (id, slug, name, color, icon) values
  ('cat_lit', 'lit', '문학', '#f04452', 'BookOpen'),
  ('cat_children', 'children', '아동·그림책', '#ff8a3d', 'Blocks'),
  ('cat_humanities', 'humanities', '인문·사회', '#3182f6', 'Landmark'),
  ('cat_art', 'art', '예술·디자인', '#8b5cf6', 'Palette'),
  ('cat_science', 'science', '과학·기술', '#15c47e', 'FlaskConical'),
  ('cat_comics', 'comics', '웹툰·만화', '#ffb020', 'BookMarked'),
  ('cat_intl', 'intl', '해외관', '#06b6d4', 'Globe'),
  ('cat_paper', 'paper', '지류·문구', '#14b8a6', 'StickyNote'),
  ('cat_general', 'general', '종합', '#6b7684', 'Library')
on conflict (id) do nothing;

insert into booth (id, exhibition_id, hall_id, category_id, code, name, company, description, long_description, images, logo_url, instagram_url, website_url, tags, x, y, popularity, created_at) values
  ('b_a101', 'exh_sibf_2026', 'hall_a', 'cat_art', 'A101', '고스트북스', 'Ghostbooks', 'Ghostbooks · 부스 A101', '고스트북스(Ghostbooks)의 부스입니다. 부스 번호 A101. 신간 전시와 작가 사인회, 현장 한정 굿즈를 만나볼 수 있어요. 2026 서울국제도서전 참가사입니다.', '[]'::jsonb, null, 'https://instagram.com/ghostbooks', null, '["art"]'::jsonb, 104, 100, 72, '2026-01-05T00:00:00.000Z'),
  ('b_a102', 'exh_sibf_2026', 'hall_a', 'cat_lit', 'A102', '별빛들', 'Byeolbitdeul', 'Byeolbitdeul · 부스 A102', '별빛들(Byeolbitdeul)의 부스입니다. 부스 번호 A102. 신간 전시와 작가 사인회, 현장 한정 굿즈를 만나볼 수 있어요. 2026 서울국제도서전 참가사입니다.', '[]'::jsonb, null, 'https://instagram.com/byeolbitdeul', null, '["lit"]'::jsonb, 252, 100, 60, '2026-01-05T00:00:00.000Z'),
  ('b_a103', 'exh_sibf_2026', 'hall_a', 'cat_general', 'A103', '부카', 'Bookaa', 'Bookaa · 부스 A103', '부카(Bookaa)의 부스입니다. 부스 번호 A103. 신간 전시와 작가 사인회, 현장 한정 굿즈를 만나볼 수 있어요. 2026 서울국제도서전 참가사입니다.', '[]'::jsonb, null, 'https://instagram.com/bookaa', null, '["general"]'::jsonb, 400, 100, 58, '2026-01-05T00:00:00.000Z'),
  ('b_a104', 'exh_sibf_2026', 'hall_a', 'cat_children', 'A104', '봄봄출판사', 'Bombom', 'Bombom · 부스 A104', '봄봄출판사(Bombom)의 부스입니다. 부스 번호 A104. 신간 전시와 작가 사인회, 현장 한정 굿즈를 만나볼 수 있어요. 2026 서울국제도서전 참가사입니다.', '[]'::jsonb, null, 'https://instagram.com/bombom', null, '["children"]'::jsonb, 548, 100, 64, '2026-01-05T00:00:00.000Z'),
  ('b_a105', 'exh_sibf_2026', 'hall_a', 'cat_humanities', 'A105', '단추출판사', 'Danchu Press', 'Danchu Press · 부스 A105', '단추출판사(Danchu Press)의 부스입니다. 부스 번호 A105. 신간 전시와 작가 사인회, 현장 한정 굿즈를 만나볼 수 있어요. 2026 서울국제도서전 참가사입니다.', '[]'::jsonb, null, 'https://instagram.com/danchupress', null, '["humanities"]'::jsonb, 696, 100, 62, '2026-01-05T00:00:00.000Z'),
  ('b_a106', 'exh_sibf_2026', 'hall_a', 'cat_lit', 'A106', '밝은세상', 'Bright World', 'Bright World · 부스 A106', '밝은세상(Bright World)의 부스입니다. 부스 번호 A106. 신간 전시와 작가 사인회, 현장 한정 굿즈를 만나볼 수 있어요. 2026 서울국제도서전 참가사입니다.', '[]'::jsonb, null, 'https://instagram.com/brightworld', null, '["lit"]'::jsonb, 844, 100, 60, '2026-01-05T00:00:00.000Z'),
  ('b_a107', 'exh_sibf_2026', 'hall_a', 'cat_children', 'A107', '애플트리테일즈', 'Apple Tree Tales', 'Apple Tree Tales · 부스 A107', '애플트리테일즈(Apple Tree Tales)의 부스입니다. 부스 번호 A107. 신간 전시와 작가 사인회, 현장 한정 굿즈를 만나볼 수 있어요. 2026 서울국제도서전 참가사입니다.', '[]'::jsonb, null, 'https://instagram.com/appletreetales', null, '["children"]'::jsonb, 104, 204, 66, '2026-01-05T00:00:00.000Z'),
  ('b_a108', 'exh_sibf_2026', 'hall_a', 'cat_children', 'A108', '달리 외', 'Dahli', 'Dahli · 부스 A108 (공동: 곰세마리)', '달리(Dahli)의 부스입니다. 부스 번호 A108. 곰세마리와 공동 참가합니다. 신간 전시와 작가 사인회, 현장 한정 굿즈를 만나볼 수 있어요. 2026 서울국제도서전 참가사입니다.', '[]'::jsonb, null, 'https://instagram.com/dahli', null, '["children"]'::jsonb, 252, 204, 58, '2026-01-05T00:00:00.000Z'),
  ('b_a109', 'exh_sibf_2026', 'hall_a', 'cat_art', 'A109', '핀드', 'Pinned', 'Pinned · 부스 A109', '핀드(Pinned)의 부스입니다. 부스 번호 A109. 신간 전시와 작가 사인회, 현장 한정 굿즈를 만나볼 수 있어요. 2026 서울국제도서전 참가사입니다.', '[]'::jsonb, null, 'https://instagram.com/pinned', null, '["art"]'::jsonb, 400, 204, 60, '2026-01-05T00:00:00.000Z'),
  ('b_a110', 'exh_sibf_2026', 'hall_a', 'cat_general', 'A110', '소동출판사', 'Sodong', 'Sodong · 부스 A110', '소동출판사(Sodong)의 부스입니다. 부스 번호 A110. 신간 전시와 작가 사인회, 현장 한정 굿즈를 만나볼 수 있어요. 2026 서울국제도서전 참가사입니다.', '[]'::jsonb, null, 'https://instagram.com/sodong', null, '["general"]'::jsonb, 548, 204, 56, '2026-01-05T00:00:00.000Z'),
  ('b_a111', 'exh_sibf_2026', 'hall_a', 'cat_lit', 'A111', '빈페이지', 'Blank Page', 'Blank Page · 부스 A111', '빈페이지(Blank Page)의 부스입니다. 부스 번호 A111. 신간 전시와 작가 사인회, 현장 한정 굿즈를 만나볼 수 있어요. 2026 서울국제도서전 참가사입니다.', '[]'::jsonb, null, 'https://instagram.com/blankpage', null, '["lit"]'::jsonb, 696, 204, 58, '2026-01-05T00:00:00.000Z'),
  ('b_a112', 'exh_sibf_2026', 'hall_a', 'cat_general', 'A112', '한국출판마케팅연구소', 'KPMI', 'KPMI · 부스 A112', '한국출판마케팅연구소(KPMI)의 부스입니다. 부스 번호 A112. 신간 전시와 작가 사인회, 현장 한정 굿즈를 만나볼 수 있어요. 2026 서울국제도서전 참가사입니다.', '[]'::jsonb, null, 'https://instagram.com/kpmi', null, '["general"]'::jsonb, 844, 204, 54, '2026-01-05T00:00:00.000Z'),
  ('b_a201', 'exh_sibf_2026', 'hall_a', 'cat_art', 'A201', '안그라픽스', 'Ahn Graphics', 'Ahn Graphics · 부스 A201', '안그라픽스(Ahn Graphics)의 부스입니다. 부스 번호 A201. 신간 전시와 작가 사인회, 현장 한정 굿즈를 만나볼 수 있어요. 2026 서울국제도서전 참가사입니다.', '[]'::jsonb, null, 'https://instagram.com/ahngraphics', null, '["art"]'::jsonb, 104, 308, 84, '2026-01-05T00:00:00.000Z'),
  ('b_a202', 'exh_sibf_2026', 'hall_a', 'cat_art', 'A202', '프로파간다 외', 'Propaganda', 'Propaganda · 부스 A202 (공동: 사월의눈·미디어버스)', '프로파간다(Propaganda)의 부스입니다. 부스 번호 A202. 사월의눈·미디어버스와 공동 참가합니다. 신간 전시와 작가 사인회, 현장 한정 굿즈를 만나볼 수 있어요. 2026 서울국제도서전 참가사입니다.', '[]'::jsonb, null, 'https://instagram.com/propaganda', null, '["art"]'::jsonb, 252, 308, 70, '2026-01-05T00:00:00.000Z'),
  ('b_a203', 'exh_sibf_2026', 'hall_a', 'cat_art', 'A203', '인북', 'InBook', 'InBook · 부스 A203', '인북(InBook)의 부스입니다. 부스 번호 A203. 신간 전시와 작가 사인회, 현장 한정 굿즈를 만나볼 수 있어요. 2026 서울국제도서전 참가사입니다.', '[]'::jsonb, null, 'https://instagram.com/inbook', null, '["art"]'::jsonb, 400, 308, 58, '2026-01-05T00:00:00.000Z'),
  ('b_a204', 'exh_sibf_2026', 'hall_a', 'cat_children', 'A204', '안녕로빈', 'Hello Robin', 'Hello Robin · 부스 A204', '안녕로빈(Hello Robin)의 부스입니다. 부스 번호 A204. 신간 전시와 작가 사인회, 현장 한정 굿즈를 만나볼 수 있어요. 2026 서울국제도서전 참가사입니다.', '[]'::jsonb, null, 'https://instagram.com/hellorobin', null, '["children"]'::jsonb, 548, 308, 62, '2026-01-05T00:00:00.000Z'),
  ('b_a205', 'exh_sibf_2026', 'hall_a', 'cat_children', 'A205', '킨더랜드', 'Kinderland', 'Kinderland · 부스 A205', '킨더랜드(Kinderland)의 부스입니다. 부스 번호 A205. 신간 전시와 작가 사인회, 현장 한정 굿즈를 만나볼 수 있어요. 2026 서울국제도서전 참가사입니다.', '[]'::jsonb, null, 'https://instagram.com/kinderland', null, '["children"]'::jsonb, 696, 308, 64, '2026-01-05T00:00:00.000Z'),
  ('b_a206', 'exh_sibf_2026', 'hall_a', 'cat_humanities', 'A206', '학토재', 'Haktojae', 'Haktojae · 부스 A206', '학토재(Haktojae)의 부스입니다. 부스 번호 A206. 신간 전시와 작가 사인회, 현장 한정 굿즈를 만나볼 수 있어요. 2026 서울국제도서전 참가사입니다.', '[]'::jsonb, null, 'https://instagram.com/haktojae', null, '["humanities"]'::jsonb, 844, 308, 56, '2026-01-05T00:00:00.000Z'),
  ('b_a207', 'exh_sibf_2026', 'hall_a', 'cat_children', 'A207', '노란상상', 'Noran Sangsang', 'Noran Sangsang · 부스 A207', '노란상상(Noran Sangsang)의 부스입니다. 부스 번호 A207. 신간 전시와 작가 사인회, 현장 한정 굿즈를 만나볼 수 있어요. 2026 서울국제도서전 참가사입니다.', '[]'::jsonb, null, 'https://instagram.com/noransangsang', null, '["children"]'::jsonb, 104, 412, 60, '2026-01-05T00:00:00.000Z'),
  ('b_a208', 'exh_sibf_2026', 'hall_a', 'cat_science', 'A208', '보리출판사', 'Bori Publishing', 'Bori Publishing · 부스 A208', '보리출판사(Bori Publishing)의 부스입니다. 부스 번호 A208. 신간 전시와 작가 사인회, 현장 한정 굿즈를 만나볼 수 있어요. 2026 서울국제도서전 참가사입니다.', '[]'::jsonb, null, 'https://instagram.com/boripublishing', null, '["science"]'::jsonb, 252, 412, 70, '2026-01-05T00:00:00.000Z'),
  ('b_a209', 'exh_sibf_2026', 'hall_a', 'cat_art', 'A209', '페이퍼스토리 외', 'Paper Story', 'Paper Story · 부스 A209 (공동: 목요일출판사·니케북스)', '페이퍼스토리(Paper Story)의 부스입니다. 부스 번호 A209. 목요일출판사·니케북스와 공동 참가합니다. 신간 전시와 작가 사인회, 현장 한정 굿즈를 만나볼 수 있어요. 2026 서울국제도서전 참가사입니다.', '[]'::jsonb, null, 'https://instagram.com/paperstory', null, '["art"]'::jsonb, 400, 412, 60, '2026-01-05T00:00:00.000Z'),
  ('b_a210', 'exh_sibf_2026', 'hall_a', 'cat_children', 'A210', '거북이북스', 'Turtle Books', 'Turtle Books · 부스 A210', '거북이북스(Turtle Books)의 부스입니다. 부스 번호 A210. 신간 전시와 작가 사인회, 현장 한정 굿즈를 만나볼 수 있어요. 2026 서울국제도서전 참가사입니다.', '[]'::jsonb, null, 'https://instagram.com/turtlebooks', null, '["children"]'::jsonb, 548, 412, 58, '2026-01-05T00:00:00.000Z'),
  ('b_a301', 'exh_sibf_2026', 'hall_a', 'cat_art', 'A301', '워크룸 프레스', 'Workroom Press', 'Workroom Press · 부스 A301', '워크룸 프레스(Workroom Press)의 부스입니다. 부스 번호 A301. 신간 전시와 작가 사인회, 현장 한정 굿즈를 만나볼 수 있어요. 2026 서울국제도서전 참가사입니다.', '[]'::jsonb, null, 'https://instagram.com/workroompress', null, '["art"]'::jsonb, 696, 412, 80, '2026-01-05T00:00:00.000Z'),
  ('b_a302', 'exh_sibf_2026', 'hall_a', 'cat_humanities', 'A302', '산지니', 'Sanzini', 'Sanzini · 부스 A302', '산지니(Sanzini)의 부스입니다. 부스 번호 A302. 신간 전시와 작가 사인회, 현장 한정 굿즈를 만나볼 수 있어요. 2026 서울국제도서전 참가사입니다.', '[]'::jsonb, null, 'https://instagram.com/sanzini', null, '["humanities"]'::jsonb, 844, 412, 60, '2026-01-05T00:00:00.000Z'),
  ('b_a303', 'exh_sibf_2026', 'hall_a', 'cat_general', 'A303', '까치글방', 'Kachi Books', 'Kachi Books · 부스 A303', '까치글방(Kachi Books)의 부스입니다. 부스 번호 A303. 신간 전시와 작가 사인회, 현장 한정 굿즈를 만나볼 수 있어요. 2026 서울국제도서전 참가사입니다.', '[]'::jsonb, null, 'https://instagram.com/kachibooks', null, '["general"]'::jsonb, 104, 516, 66, '2026-01-05T00:00:00.000Z'),
  ('b_a304', 'exh_sibf_2026', 'hall_a', 'cat_humanities', 'A304', '글항아리', 'Geulhangari', 'Geulhangari · 부스 A304', '글항아리(Geulhangari)의 부스입니다. 부스 번호 A304. 신간 전시와 작가 사인회, 현장 한정 굿즈를 만나볼 수 있어요. 2026 서울국제도서전 참가사입니다.', '[]'::jsonb, null, 'https://instagram.com/geulhangari', null, '["humanities"]'::jsonb, 252, 516, 78, '2026-01-05T00:00:00.000Z'),
  ('b_a305', 'exh_sibf_2026', 'hall_a', 'cat_general', 'A305', '청아출판사 외', 'Chunga', 'Chunga · 부스 A305 (공동: 봄마중)', '청아출판사(Chunga)의 부스입니다. 부스 번호 A305. 봄마중와 공동 참가합니다. 신간 전시와 작가 사인회, 현장 한정 굿즈를 만나볼 수 있어요. 2026 서울국제도서전 참가사입니다.', '[]'::jsonb, null, 'https://instagram.com/chunga', null, '["general"]'::jsonb, 400, 516, 58, '2026-01-05T00:00:00.000Z'),
  ('b_a306', 'exh_sibf_2026', 'hall_a', 'cat_children', 'A306', '풀빛', 'Pulbit', 'Pulbit · 부스 A306', '풀빛(Pulbit)의 부스입니다. 부스 번호 A306. 신간 전시와 작가 사인회, 현장 한정 굿즈를 만나볼 수 있어요. 2026 서울국제도서전 참가사입니다.', '[]'::jsonb, null, 'https://instagram.com/pulbit', null, '["children"]'::jsonb, 548, 516, 62, '2026-01-05T00:00:00.000Z'),
  ('b_a307', 'exh_sibf_2026', 'hall_a', 'cat_humanities', 'A307', '푸른숲', 'Prunsoop', 'Prunsoop · 부스 A307', '푸른숲(Prunsoop)의 부스입니다. 부스 번호 A307. 신간 전시와 작가 사인회, 현장 한정 굿즈를 만나볼 수 있어요. 2026 서울국제도서전 참가사입니다.', '[]'::jsonb, null, 'https://instagram.com/prunsoop', null, '["humanities"]'::jsonb, 696, 516, 70, '2026-01-05T00:00:00.000Z'),
  ('b_a308', 'exh_sibf_2026', 'hall_a', 'cat_science', 'A308', '군자출판사 외', 'Koonja', 'Koonja · 부스 A308 (공동: 한국과학기술출판협회)', '군자출판사(Koonja)의 부스입니다. 부스 번호 A308. 한국과학기술출판협회와 공동 참가합니다. 신간 전시와 작가 사인회, 현장 한정 굿즈를 만나볼 수 있어요. 2026 서울국제도서전 참가사입니다.', '[]'::jsonb, null, 'https://instagram.com/koonja', null, '["science"]'::jsonb, 844, 516, 56, '2026-01-05T00:00:00.000Z'),
  ('b_a401', 'exh_sibf_2026', 'hall_a', 'cat_children', 'A401', '보림출판사', 'Borim Press', 'Borim Press · 부스 A401', '보림출판사(Borim Press)의 부스입니다. 부스 번호 A401. 신간 전시와 작가 사인회, 현장 한정 굿즈를 만나볼 수 있어요. 2026 서울국제도서전 참가사입니다.', '[]'::jsonb, null, 'https://instagram.com/borimpress', null, '["children"]'::jsonb, 104, 620, 82, '2026-01-05T00:00:00.000Z'),
  ('b_a402', 'exh_sibf_2026', 'hall_a', 'cat_comics', 'A402', '네이버웹툰', 'Naver Webtoon', 'Naver Webtoon · 부스 A402', '네이버웹툰(Naver Webtoon)의 부스입니다. 부스 번호 A402. 신간 전시와 작가 사인회, 현장 한정 굿즈를 만나볼 수 있어요. 2026 서울국제도서전 참가사입니다.', '[]'::jsonb, null, 'https://instagram.com/naverwebtoon', null, '["comics"]'::jsonb, 252, 620, 96, '2026-01-05T00:00:00.000Z'),
  ('b_a403', 'exh_sibf_2026', 'hall_a', 'cat_general', 'A403', '위즈덤하우스', 'Wisdom House', 'Wisdom House · 부스 A403', '위즈덤하우스(Wisdom House)의 부스입니다. 부스 번호 A403. 신간 전시와 작가 사인회, 현장 한정 굿즈를 만나볼 수 있어요. 2026 서울국제도서전 참가사입니다.', '[]'::jsonb, null, 'https://instagram.com/wisdomhouse', null, '["general"]'::jsonb, 400, 620, 88, '2026-01-05T00:00:00.000Z'),
  ('b_a501', 'exh_sibf_2026', 'hall_a', 'cat_lit', 'A501', '이야기장수 외', 'Iyagijangsu', 'Iyagijangsu · 부스 A501 (공동: 솔테라이브러리)', '이야기장수(Iyagijangsu)의 부스입니다. 부스 번호 A501. 솔테라이브러리와 공동 참가합니다. 신간 전시와 작가 사인회, 현장 한정 굿즈를 만나볼 수 있어요. 2026 서울국제도서전 참가사입니다.', '[]'::jsonb, null, 'https://instagram.com/iyagijangsu', null, '["lit"]'::jsonb, 548, 620, 74, '2026-01-05T00:00:00.000Z'),
  ('b_a502', 'exh_sibf_2026', 'hall_a', 'cat_general', 'A502', '김영사', 'Gimmyoung', 'Gimmyoung · 부스 A502', '김영사(Gimmyoung)의 부스입니다. 부스 번호 A502. 신간 전시와 작가 사인회, 현장 한정 굿즈를 만나볼 수 있어요. 2026 서울국제도서전 참가사입니다.', '[]'::jsonb, null, 'https://instagram.com/gimmyoung', null, '["general"]'::jsonb, 696, 620, 92, '2026-01-05T00:00:00.000Z'),
  ('b_a503', 'exh_sibf_2026', 'hall_a', 'cat_lit', 'A503', '문학수첩', 'Munhaksuchup', 'Munhaksuchup · 부스 A503', '문학수첩(Munhaksuchup)의 부스입니다. 부스 번호 A503. 신간 전시와 작가 사인회, 현장 한정 굿즈를 만나볼 수 있어요. 2026 서울국제도서전 참가사입니다.', '[]'::jsonb, null, 'https://instagram.com/munhaksuchup', null, '["lit"]'::jsonb, 844, 620, 76, '2026-01-05T00:00:00.000Z'),
  ('b_a601', 'exh_sibf_2026', 'hall_a', 'cat_intl', 'A601', '프랑스 출판네트워크 외', 'French Publishing Network', 'French Publishing Network · 부스 A601 (공동: 주한프랑스대사관 문화과)', '프랑스 출판네트워크(French Publishing Network)의 부스입니다. 부스 번호 A601. 주한프랑스대사관 문화과와 공동 참가합니다. 신간 전시와 작가 사인회, 현장 한정 굿즈를 만나볼 수 있어요. 2026 서울국제도서전 참가사입니다.', '[]'::jsonb, null, null, null, '["intl"]'::jsonb, 104, 724, 84, '2026-01-05T00:00:00.000Z'),
  ('b_a602', 'exh_sibf_2026', 'hall_a', 'cat_general', 'A602', '쌤앤파커스', 'Sam&Parker''s', 'Sam&Parker''s · 부스 A602', '쌤앤파커스(Sam&Parker''s)의 부스입니다. 부스 번호 A602. 신간 전시와 작가 사인회, 현장 한정 굿즈를 만나볼 수 있어요. 2026 서울국제도서전 참가사입니다.', '[]'::jsonb, null, 'https://instagram.com/samandparkers', null, '["general"]'::jsonb, 252, 724, 80, '2026-01-05T00:00:00.000Z'),
  ('b_a701', 'exh_sibf_2026', 'hall_a', 'cat_humanities', 'A701', '봄알람', 'Baumealame', 'Baumealame · 부스 A701', '봄알람(Baumealame)의 부스입니다. 부스 번호 A701. 신간 전시와 작가 사인회, 현장 한정 굿즈를 만나볼 수 있어요. 2026 서울국제도서전 참가사입니다.', '[]'::jsonb, null, 'https://instagram.com/baumealame', null, '["humanities"]'::jsonb, 400, 724, 72, '2026-01-05T00:00:00.000Z'),
  ('b_a702', 'exh_sibf_2026', 'hall_a', 'cat_art', 'A702', '타이피스트', 'Typist', 'Typist · 부스 A702', '타이피스트(Typist)의 부스입니다. 부스 번호 A702. 신간 전시와 작가 사인회, 현장 한정 굿즈를 만나볼 수 있어요. 2026 서울국제도서전 참가사입니다.', '[]'::jsonb, null, 'https://instagram.com/typist', null, '["art"]'::jsonb, 548, 724, 64, '2026-01-05T00:00:00.000Z'),
  ('b_a703', 'exh_sibf_2026', 'hall_a', 'cat_general', 'A703', '한국대학출판협회', 'KUPA', 'KUPA · 부스 A703', '한국대학출판협회(KUPA)의 부스입니다. 부스 번호 A703. 신간 전시와 작가 사인회, 현장 한정 굿즈를 만나볼 수 있어요. 2026 서울국제도서전 참가사입니다.', '[]'::jsonb, null, 'https://instagram.com/kupa', null, '["general"]'::jsonb, 696, 724, 54, '2026-01-05T00:00:00.000Z'),
  ('b_a704', 'exh_sibf_2026', 'hall_a', 'cat_children', 'A704', '북극곰', 'Bookgoodcome', 'Bookgoodcome · 부스 A704', '북극곰(Bookgoodcome)의 부스입니다. 부스 번호 A704. 신간 전시와 작가 사인회, 현장 한정 굿즈를 만나볼 수 있어요. 2026 서울국제도서전 참가사입니다.', '[]'::jsonb, null, 'https://instagram.com/bookgoodcome', null, '["children"]'::jsonb, 844, 724, 70, '2026-01-05T00:00:00.000Z'),
  ('b_a705', 'exh_sibf_2026', 'hall_a', 'cat_children', 'A705', '국민서관', 'Gookmin Books', 'Gookmin Books · 부스 A705', '국민서관(Gookmin Books)의 부스입니다. 부스 번호 A705. 신간 전시와 작가 사인회, 현장 한정 굿즈를 만나볼 수 있어요. 2026 서울국제도서전 참가사입니다.', '[]'::jsonb, null, 'https://instagram.com/gookminbooks', null, '["children"]'::jsonb, 104, 828, 66, '2026-01-05T00:00:00.000Z'),
  ('b_a706', 'exh_sibf_2026', 'hall_a', 'cat_general', 'A706', '성안당', 'Sungandang', 'Sungandang · 부스 A706', '성안당(Sungandang)의 부스입니다. 부스 번호 A706. 신간 전시와 작가 사인회, 현장 한정 굿즈를 만나볼 수 있어요. 2026 서울국제도서전 참가사입니다.', '[]'::jsonb, null, 'https://instagram.com/sungandang', null, '["general"]'::jsonb, 252, 828, 60, '2026-01-05T00:00:00.000Z'),
  ('b_a707', 'exh_sibf_2026', 'hall_a', 'cat_humanities', 'A707', '책읽는고양이', 'Reading Cat', 'Reading Cat · 부스 A707', '책읽는고양이(Reading Cat)의 부스입니다. 부스 번호 A707. 신간 전시와 작가 사인회, 현장 한정 굿즈를 만나볼 수 있어요. 2026 서울국제도서전 참가사입니다.', '[]'::jsonb, null, 'https://instagram.com/readingcat', null, '["humanities"]'::jsonb, 400, 828, 64, '2026-01-05T00:00:00.000Z'),
  ('b_a708', 'exh_sibf_2026', 'hall_a', 'cat_comics', 'A708', '소미미디어', 'Somy Media', 'Somy Media · 부스 A708', '소미미디어(Somy Media)의 부스입니다. 부스 번호 A708. 신간 전시와 작가 사인회, 현장 한정 굿즈를 만나볼 수 있어요. 2026 서울국제도서전 참가사입니다.', '[]'::jsonb, null, 'https://instagram.com/somymedia', null, '["comics"]'::jsonb, 548, 828, 86, '2026-01-05T00:00:00.000Z'),
  ('b_a709', 'exh_sibf_2026', 'hall_a', 'cat_children', 'A709', '키큰도토리 외', 'Tall Acorn', 'Tall Acorn · 부스 A709 (공동: 고래인)', '키큰도토리(Tall Acorn)의 부스입니다. 부스 번호 A709. 고래인와 공동 참가합니다. 신간 전시와 작가 사인회, 현장 한정 굿즈를 만나볼 수 있어요. 2026 서울국제도서전 참가사입니다.', '[]'::jsonb, null, 'https://instagram.com/tallacorn', null, '["children"]'::jsonb, 696, 828, 58, '2026-01-05T00:00:00.000Z'),
  ('b_a1202', 'exh_sibf_2026', 'hall_a', 'cat_intl', 'A1202', '모카그룹 외', 'Mocca Group', 'Mocca Group · 부스 A1202 (공동: MITMAKME·Liatris 외)', '모카그룹(Mocca Group)의 부스입니다. 부스 번호 A1202. MITMAKME·Liatris 외와 공동 참가합니다. 신간 전시와 작가 사인회, 현장 한정 굿즈를 만나볼 수 있어요. 2026 서울국제도서전 참가사입니다.', '[]'::jsonb, null, null, null, '["intl"]'::jsonb, 844, 828, 60, '2026-01-05T00:00:00.000Z'),
  ('b_a1703', 'exh_sibf_2026', 'hall_a', 'cat_general', 'A1703', '예스24', 'Yes24', 'Yes24 · 부스 A1703', '예스24(Yes24)의 부스입니다. 부스 번호 A1703. 신간 전시와 작가 사인회, 현장 한정 굿즈를 만나볼 수 있어요. 2026 서울국제도서전 참가사입니다.', '[]'::jsonb, null, 'https://instagram.com/yes24', null, '["general"]'::jsonb, 104, 932, 90, '2026-01-05T00:00:00.000Z'),
  ('b_a1801', 'exh_sibf_2026', 'hall_a', 'cat_intl', 'A1801', '캐나다관 외', 'Canada Pavilion', 'Canada Pavilion · 부스 A1801 (공동: U of Toronto Press·Firefly 외)', '캐나다관(Canada Pavilion)의 부스입니다. 부스 번호 A1801. U of Toronto Press·Firefly 외와 공동 참가합니다. 신간 전시와 작가 사인회, 현장 한정 굿즈를 만나볼 수 있어요. 2026 서울국제도서전 참가사입니다.', '[]'::jsonb, null, null, null, '["intl"]'::jsonb, 252, 932, 82, '2026-01-05T00:00:00.000Z'),
  ('b_b304', 'exh_sibf_2026', 'hall_b', 'cat_humanities', 'B304', '서해문집', 'Seohae Munjip', 'Seohae Munjip · 부스 B304', '서해문집(Seohae Munjip)의 부스입니다. 부스 번호 B304. 신간 전시와 작가 사인회, 현장 한정 굿즈를 만나볼 수 있어요. 2026 서울국제도서전 참가사입니다.', '[]'::jsonb, null, 'https://instagram.com/seohaemunjip', null, '["humanities"]'::jsonb, 104, 1108, 66, '2026-01-05T00:00:00.000Z'),
  ('b_b305', 'exh_sibf_2026', 'hall_b', 'cat_art', 'B305', '한림사', 'Hallim Sa', 'Hallim Sa · 부스 B305', '한림사(Hallim Sa)의 부스입니다. 부스 번호 B305. 신간 전시와 작가 사인회, 현장 한정 굿즈를 만나볼 수 있어요. 2026 서울국제도서전 참가사입니다.', '[]'::jsonb, null, 'https://instagram.com/hallimsa', null, '["art"]'::jsonb, 252, 1108, 56, '2026-01-05T00:00:00.000Z'),
  ('b_b306', 'exh_sibf_2026', 'hall_b', 'cat_lit', 'B306', '나비클럽', 'Nabi Club', 'Nabi Club · 부스 B306', '나비클럽(Nabi Club)의 부스입니다. 부스 번호 B306. 신간 전시와 작가 사인회, 현장 한정 굿즈를 만나볼 수 있어요. 2026 서울국제도서전 참가사입니다.', '[]'::jsonb, null, 'https://instagram.com/nabiclub', null, '["lit"]'::jsonb, 400, 1108, 64, '2026-01-05T00:00:00.000Z'),
  ('b_b307', 'exh_sibf_2026', 'hall_b', 'cat_science', 'B307', '국립생태원', 'Nat''l Inst. of Ecology', 'Nat''l Inst. of Ecology · 부스 B307', '국립생태원(Nat''l Inst. of Ecology)의 부스입니다. 부스 번호 B307. 신간 전시와 작가 사인회, 현장 한정 굿즈를 만나볼 수 있어요. 2026 서울국제도서전 참가사입니다.', '[]'::jsonb, null, 'https://instagram.com/natlinstofecology', null, '["science"]'::jsonb, 548, 1108, 70, '2026-01-05T00:00:00.000Z'),
  ('b_b308', 'exh_sibf_2026', 'hall_b', 'cat_art', 'B308', '퍼머넌트북스', 'Permanent Books', 'Permanent Books · 부스 B308', '퍼머넌트북스(Permanent Books)의 부스입니다. 부스 번호 B308. 신간 전시와 작가 사인회, 현장 한정 굿즈를 만나볼 수 있어요. 2026 서울국제도서전 참가사입니다.', '[]'::jsonb, null, 'https://instagram.com/permanentbooks', null, '["art"]'::jsonb, 696, 1108, 58, '2026-01-05T00:00:00.000Z'),
  ('b_b309', 'exh_sibf_2026', 'hall_b', 'cat_humanities', 'B309', '한겨레엔', 'Hangyoreh', 'Hangyoreh · 부스 B309', '한겨레엔(Hangyoreh)의 부스입니다. 부스 번호 B309. 신간 전시와 작가 사인회, 현장 한정 굿즈를 만나볼 수 있어요. 2026 서울국제도서전 참가사입니다.', '[]'::jsonb, null, 'https://instagram.com/hangyoreh', null, '["humanities"]'::jsonb, 844, 1108, 74, '2026-01-05T00:00:00.000Z'),
  ('b_b401', 'exh_sibf_2026', 'hall_b', 'cat_art', 'B401', '누땡스', 'Nu Thanks', 'Nu Thanks · 부스 B401', '누땡스(Nu Thanks)의 부스입니다. 부스 번호 B401. 신간 전시와 작가 사인회, 현장 한정 굿즈를 만나볼 수 있어요. 2026 서울국제도서전 참가사입니다.', '[]'::jsonb, null, 'https://instagram.com/nuthanks', null, '["art"]'::jsonb, 104, 1212, 60, '2026-01-05T00:00:00.000Z'),
  ('b_b473', 'exh_sibf_2026', 'hall_b', 'cat_art', 'B473', '썸북스', 'Thumb Books', 'Thumb Books · 부스 B473', '썸북스(Thumb Books)의 부스입니다. 부스 번호 B473. 신간 전시와 작가 사인회, 현장 한정 굿즈를 만나볼 수 있어요. 2026 서울국제도서전 참가사입니다.', '[]'::jsonb, null, 'https://instagram.com/thumbbooks', null, '["art"]'::jsonb, 252, 1212, 54, '2026-01-05T00:00:00.000Z'),
  ('b_b501', 'exh_sibf_2026', 'hall_b', 'cat_paper', 'B501', '한솔제지', 'Hansol Paper', 'Hansol Paper · 부스 B501', '한솔제지(Hansol Paper)의 부스입니다. 부스 번호 B501. 신간 전시와 작가 사인회, 현장 한정 굿즈를 만나볼 수 있어요. 2026 서울국제도서전 참가사입니다.', '[]'::jsonb, null, 'https://instagram.com/hansolpaper', null, '["paper"]'::jsonb, 400, 1212, 68, '2026-01-05T00:00:00.000Z'),
  ('b_b502', 'exh_sibf_2026', 'hall_b', 'cat_lit', 'B502', '윤에디션', 'Yun Edition', 'Yun Edition · 부스 B502', '윤에디션(Yun Edition)의 부스입니다. 부스 번호 B502. 신간 전시와 작가 사인회, 현장 한정 굿즈를 만나볼 수 있어요. 2026 서울국제도서전 참가사입니다.', '[]'::jsonb, null, 'https://instagram.com/yunedition', null, '["lit"]'::jsonb, 548, 1212, 58, '2026-01-05T00:00:00.000Z'),
  ('b_b503', 'exh_sibf_2026', 'hall_b', 'cat_humanities', 'B503', '초록비책공방 외', 'Greenrain Books', 'Greenrain Books · 부스 B503 (공동: 롤러코스터)', '초록비책공방(Greenrain Books)의 부스입니다. 부스 번호 B503. 롤러코스터와 공동 참가합니다. 신간 전시와 작가 사인회, 현장 한정 굿즈를 만나볼 수 있어요. 2026 서울국제도서전 참가사입니다.', '[]'::jsonb, null, 'https://instagram.com/greenrainbooks', null, '["humanities"]'::jsonb, 696, 1212, 60, '2026-01-05T00:00:00.000Z'),
  ('b_b504', 'exh_sibf_2026', 'hall_b', 'cat_art', 'B504', '혼혼 외', 'Honhon', 'Honhon · 부스 B504 (공동: 해파리)', '혼혼(Honhon)의 부스입니다. 부스 번호 B504. 해파리와 공동 참가합니다. 신간 전시와 작가 사인회, 현장 한정 굿즈를 만나볼 수 있어요. 2026 서울국제도서전 참가사입니다.', '[]'::jsonb, null, 'https://instagram.com/honhon', null, '["art"]'::jsonb, 844, 1212, 56, '2026-01-05T00:00:00.000Z')
on conflict (id) do nothing;

insert into event (id, booth_id, title, description, start_time, end_time, reward_info, capacity) values
  ('ev_webtoon', 'b_a402', '네이버웹툰 인기 작가 사인회', '인기 웹툰 작가와 함께하는 사인회 + 포토타임', '2026-06-24T05:00:00.000Z', '2026-06-24T06:30:00.000Z', '한정 굿즈', 80),
  ('ev_gimm', 'b_a502', '김영사 신간 북토크', '올여름 화제의 신간 저자 강연', '2026-06-24T06:00:00.000Z', '2026-06-24T07:00:00.000Z', '사인본 추첨', 60),
  ('ev_france', 'b_a601', '프랑스 문학의 밤', '프랑스 출판네트워크와 함께하는 낭독·대담', '2026-06-24T09:00:00.000Z', '2026-06-24T10:30:00.000Z', '프랑스 엽서 세트', null),
  ('ev_canada', 'b_a1801', '캐나다 그림책 전시 투어', '캐나다관 큐레이터와 함께 둘러보는 그림책', '2026-06-24T04:00:00.000Z', '2026-06-24T05:00:00.000Z', null, null),
  ('ev_yes24', 'b_a1703', '예스24 스탬프 투어', '부스를 돌며 스탬프를 모으고 굿즈 응모', '2026-06-24T02:00:00.000Z', '2026-06-24T11:00:00.000Z', '에코백·텀블러 추첨', null),
  ('ev_munhak', 'b_a503', '문학수첩 시 낭독회', '시인과 함께하는 작은 낭독회', '2026-06-24T07:30:00.000Z', '2026-06-24T08:30:00.000Z', '시집 증정', null)
on conflict (id) do nothing;

insert into waiting (booth_id, enabled, queue_count, estimated_minutes, updated_at) values
  ('b_a402', true, 70, 35, '2026-06-24T05:00:00.000Z'),
  ('b_a502', true, 44, 24, '2026-06-24T06:00:00.000Z'),
  ('b_a1703', true, 38, 20, '2026-06-24T04:00:00.000Z'),
  ('b_a403', true, 30, 18, '2026-06-24T04:00:00.000Z'),
  ('b_a1801', true, 26, 16, '2026-06-24T04:00:00.000Z'),
  ('b_a601', true, 22, 14, '2026-06-24T04:00:00.000Z'),
  ('b_a708', true, 18, 12, '2026-06-24T04:00:00.000Z')
on conflict (booth_id) do nothing;

insert into welcome_kit (booth_id, enabled, name, description, image_url, remaining_count) values
  ('b_a1703', true, '예스24 에코백', '도서전 한정 굿즈', null, 300),
  ('b_a402', true, '네이버웹툰 스티커팩', '인기 캐릭터 스티커', null, 200),
  ('b_a601', true, '프랑스관 엽서 세트', '프랑스 일러스트 엽서', null, 120),
  ('b_a502', true, '김영사 북마크', '신간 기념 책갈피', null, 250)
on conflict (booth_id) do nothing;

insert into review (id, booth_id, session_id, rating, comment, author_name, created_at) values
  ('rv_1', 'b_a402', 'seed', 5, '웹툰 작가 사인회 줄 길지만 갈 만해요!', '지민', '2026-06-24T05:40:00.000Z'),
  ('rv_2', 'b_a201', 'seed', 5, '안그라픽스 디자인 책 진열 너무 예뻐요.', '현우', '2026-06-24T03:10:00.000Z'),
  ('rv_3', 'b_a502', 'seed', 4, '김영사 신간 할인 폭이 커요. 득템!', '수아', '2026-06-24T06:20:00.000Z'),
  ('rv_4', 'b_a301', 'seed', 5, '워크룸 프레스 한정판 구했어요.', '도윤', '2026-06-24T05:05:00.000Z'),
  ('rv_5', 'b_a1801', 'seed', 4, '캐나다관 그림책 퀄리티 좋네요.', '예린', '2026-06-24T07:00:00.000Z')
on conflict (id) do nothing;

insert into visitor_session (id, exhibition_id, created_at, last_seen_at) values
  ('seed', 'exh_sibf_2026', '2026-01-02T00:00:00.000Z', '2026-01-02T00:00:00.000Z')
on conflict (id) do nothing;

insert into community_post (id, exhibition_id, session_id, author_name, body, booth_id, created_at) values
  ('cp_1', 'exh_sibf_2026', 'seed', '민지', '네이버웹툰(A402) 사인회 줄 30분 넘어요. 지금은 김영사 쪽이 한산해요!', 'b_a402', '2026-06-24T04:30:00.000Z'),
  ('cp_2', 'exh_sibf_2026', 'seed', '준호', '프랑스 문학의 밤(A601) 18시 시작이래요. 엽서 세트 한정이라 일찍 가세요.', 'b_a601', '2026-06-24T05:10:00.000Z'),
  ('cp_3', 'exh_sibf_2026', 'seed', '익명', '예스24(A1703) 스탬프 다 모으면 에코백 추첨해요. 부스 돌면서 찍으세요~', 'b_a1703', '2026-06-24T03:50:00.000Z'),
  ('cp_4', 'exh_sibf_2026', 'seed', '서연', '보림출판사(A401) 그림책 굿즈 거의 다 나갔어요. 빨리 가보세요!', 'b_a401', '2026-06-24T06:05:00.000Z')
on conflict (id) do nothing;
